_2011CandidateDonations_Id,UserName,LoginCode,CandidateName_First,CandidateName_Last,CandidateName_Prefix,Electorate,Party,TotalDonationsACD,TotalPartA,TotalPartACalculated,PartATotalsMatch,TotalPartB,TotalPartC,TotalPartDCalculated,PartCTotalsMatch,TotalPartD,TotalPartDCalculated2,PartDTotalsMatch,TotalCandidateExpensesPartsABCD,Part2CandidateExpenses_TotalExpenses,Entry_Status,Entry_DateCreated,Entry_DateSubmitted,Entry_DateUpdated
400,Evie Mcgruddy,d23,Bruce,Welsh,,Rongotai,New Conservatives,$0.00,$0.00,$0.00,No,$0.00,$0.00,$0.00,No,$0.00,$0.00,No,$87.68,$87.68,Submitted,21/11/2024 10:45 PM,21/11/2024 10:45 PM,21/11/2024 10:45 PM
399,Evie Mcgruddy,d23,Matthew James,Webster,,Northcote,New Conservatives,$0.00,$0.00,$0.00,No,$0.00,$0.00,$0.00,No,$0.00,$0.00,No,$75.86,$75.86,Submitted,21/11/2024 10:44 PM,21/11/2024 10:44 PM,21/11/2024 10:44 PM
398,Evie Mcgruddy,d23,Wilton,Gray,,Selwyn,New Conservatives,$0.00,$0.00,$0.00,No,$0.00,$0.00,$0.00,No,$0.00,$0.00,No,$41.68,$41.68,Submitted,21/11/2024 10:43 PM,21/11/2024 10:43 PM,21/11/2024 10:43 PM
397,Evie Mcgruddy,d23,Oliver,Vitali,,Nelson,New Conservatives,$0.00,$0.00,$0.00,No,$0.00,$0.00,$0.00,No,$0.00,$0.00,No,$41.68,$41.68,Submitted,21/11/2024 10:43 PM,21/11/2024 10:43 PM,21/11/2024 10:43 PM
396,Evie Mcgruddy,d23,Lance,Gedge,,Pakuranga,New Conservatives,$0.00,$0.00,$0.00,No,$0.00,$0.00,$0.00,No,$0.00,$0.00,No,$41.68,$41.68,Submitted,21/11/2024 10:42 PM,21/11/2024 10:42 PM,21/11/2024 10:42 PM
395,Evie Mcgruddy,d23,Melanie,Taylor,,Northland,New Conservatives,$0.00,$0.00,$0.00,No,$0.00,$0.00,$0.00,No,$0.00,$0.00,No,$41.68,$41.68,Submitted,21/11/2024 10:41 PM,21/11/2024 10:41 PM,21/11/2024 10:41 PM
394,Evie Mcgruddy,d23,Paul,Stipkovits,,Wellington Central,New Conservatives,$0.00,$0.00,$0.00,No,$0.00,$0.00,$0.00,No,$0.00,$0.00,No,$41.68,$41.68,Submitted,21/11/2024 10:40 PM,21/11/2024 10:40 PM,21/11/2024 10:40 PM
393,Evie Mcgruddy,d23,Daryl,Smith,,Rotorua,New Conservatives,$0.00,$0.00,$0.00,No,$0.00,$0.00,$0.00,No,$0.00,$0.00,No,$41.68,$41.68,Submitted,21/11/2024 10:39 PM,21/11/2024 10:39 PM,21/11/2024 10:39 PM
392,Evie Mcgruddy,d23,Litia,Simpson,,Tāmaki,New Conservatives,$0.00,$0.00,$0.00,No,$0.00,$0.00,$0.00,No,$0.00,$0.00,No,$927.95,$927.95,Submitted,21/11/2024 10:38 PM,21/11/2024 10:38 PM,21/11/2024 10:38 PM
391,Evie Mcgruddy,d23,Fa'avae,Gagamoe,,Māngere,New Conservatives,$0.00,$0.00,$0.00,No,$0.00,$0.00,$0.00,No,$0.00,$0.00,No,"$1,366.48","$1,366.48",Submitted,21/11/2024 10:37 PM,21/11/2024 10:37 PM,21/11/2024 10:37 PM
390,Evie Mcgruddy,d23,Kathy,Sheldrake,,East Coast,New Conservatives,$0.00,$0.00,$0.00,No,$0.00,$0.00,$0.00,No,$0.00,$0.00,No,"$6,576.36","$6,576.36",Submitted,21/11/2024 10:36 PM,21/11/2024 10:36 PM,21/11/2024 10:36 PM
389,Evie Mcgruddy,d23,John Stephen,Ryersson,,Ōtaki,New Conservatives,$0.00,$0.00,$0.00,No,$0.00,$0.00,$0.00,No,$0.00,$0.00,No,$41.68,$41.68,Submitted,21/11/2024 10:32 PM,21/11/2024 10:32 PM,21/11/2024 10:32 PM
388,Evie Mcgruddy,d23,Simonne,Dyer,,East Coast Bays,New Conservatives,"$19,073.03","$19,073.03","$19,073.03",No,$0.00,$0.00,$0.00,No,$0.00,$0.00,No,"$19,073.03","$19,073.03",Submitted,21/11/2024 10:25 PM,21/11/2024 10:25 PM,21/11/2024 10:25 PM
387,Evie Mcgruddy,d23,Doug,Stevens,,Nelson,United Future,$0.00,$0.00,$0.00,No,$0.00,$0.00,$0.00,No,$0.00,$0.00,No,"$1,140.00","$1,140.00",Submitted,21/11/2024 10:20 PM,21/11/2024 10:20 PM,21/11/2024 10:20 PM
386,Evie Mcgruddy,d23,Alan,Simmons,,Taupō,United Future,$0.00,$0.00,$0.00,No,$0.00,$0.00,$0.00,No,$0.00,$0.00,No,$400.00,$400.00,Submitted,21/11/2024 10:19 PM,21/11/2024 10:19 PM,21/11/2024 10:19 PM
385,Evie Mcgruddy,d23,Victoria,Rogers,,Taranaki-King Country,United Future,$0.00,$0.00,$0.00,No,$0.00,$0.00,$0.00,No,$0.00,$0.00,No,$0.00,$0.00,Submitted,21/11/2024 10:18 PM,21/11/2024 10:18 PM,21/11/2024 10:18 PM
384,Evie Mcgruddy,d23,Vanesssa,Roberts,,Ilam,United Future,$0.00,$0.00,$0.00,No,$0.00,$0.00,$0.00,No,$0.00,$0.00,No,$138.00,$138.00,Submitted,21/11/2024 10:16 PM,21/11/2024 10:16 PM,21/11/2024 10:16 PM
383,Evie Mcgruddy,d23,Ram,Parkash,,Botany,United Future,$0.00,$0.00,$0.00,No,$0.00,$0.00,$0.00,No,$0.00,$0.00,No,$0.00,$0.00,Submitted,21/11/2024 10:15 PM,21/11/2024 10:15 PM,21/11/2024 10:15 PM
382,Evie Mcgruddy,d23,Bryan,Mockridge,,Mt Roskill,United Future,$0.00,$0.00,$0.00,No,$0.00,$0.00,$0.00,No,$0.00,$0.00,No,$90.00,$90.00,Submitted,21/11/2024 10:14 PM,21/11/2024 10:14 PM,21/11/2024 10:14 PM
381,Evie Mcgruddy,d23,Johnny,Miller,,Christchurch East,United Future,$0.00,$0.00,$0.00,No,$0.00,$0.00,$0.00,No,$0.00,$0.00,No,$0.00,$0.00,Submitted,21/11/2024 10:13 PM,21/11/2024 10:13 PM,21/11/2024 10:13 PM
380,Evie Mcgruddy,d23,Andrew,McMillan,,Rangitata,United Future,$0.00,$0.00,$0.00,No,$0.00,$0.00,$0.00,No,$0.00,$0.00,No,"$2,738.44","$2,738.44",Submitted,21/11/2024 10:11 PM,21/11/2024 10:11 PM,21/11/2024 10:11 PM
379,Evie Mcgruddy,d23,Damian,Light,,North Shore,United Future,$0.00,$0.00,$0.00,No,$0.00,$0.00,$0.00,No,$0.00,$0.00,No,$0.00,$0.00,Submitted,21/11/2024 10:10 PM,21/11/2024 10:10 PM,21/11/2024 10:10 PM
378,Evie Mcgruddy,d23,Steve,Graf,,Coromandel,United Future,$0.00,$0.00,$0.00,No,$0.00,$0.00,$0.00,No,$0.00,$0.00,No,$0.00,$0.00,Submitted,21/11/2024 10:09 PM,21/11/2024 10:09 PM,21/11/2024 10:09 PM
377,Evie Mcgruddy,d23,Clyde,Graf,,West Coast-Tasman,United Future,$0.00,$0.00,$0.00,No,$0.00,$0.00,$0.00,No,$0.00,$0.00,No,$0.00,$0.00,Submitted,21/11/2024 10:08 PM,21/11/2024 10:08 PM,21/11/2024 10:08 PM
376,Evie Mcgruddy,d23,Martin,Gibson,,East Coast,United Future,$0.00,$0.00,$0.00,No,$0.00,$0.00,$0.00,No,$0.00,$0.00,No,$0.00,$0.00,Submitted,21/11/2024 10:07 PM,21/11/2024 10:07 PM,21/11/2024 10:07 PM
375,Evie Mcgruddy,d23,Peter,George,,Dunedin North,United Future,$0.00,$0.00,$0.00,No,$0.00,$0.00,$0.00,No,$0.00,$0.00,No,"$3,245.33","$3,245.33",Submitted,21/11/2024 10:05 PM,21/11/2024 10:05 PM,21/11/2024 10:05 PM
374,Evie Mcgruddy,d23,Ian Camden,Gaskin,,Wigram,United Future,$0.00,$0.00,$0.00,No,$0.00,$0.00,$0.00,No,$0.00,$0.00,No,$837.20,$837.20,Submitted,21/11/2024 10:04 PM,21/11/2024 10:04 PM,21/11/2024 10:04 PM
373,Evie Mcgruddy,d23,Mohamed Sultan,Eusoff,,Palmerston North,United Future,$0.00,$0.00,$0.00,No,$0.00,$0.00,$0.00,No,$0.00,$0.00,No,$588.80,$588.80,Submitted,21/11/2024 9:47 PM,21/11/2024 9:47 PM,21/11/2024 9:47 PM
372,Evie Mcgruddy,d23,Rob,Eaddy,,Hutt South,United Future,$0.00,$0.00,$0.00,No,$0.00,$0.00,$0.00,No,$0.00,$0.00,No,$0.00,$0.00,Submitted,21/11/2024 9:45 PM,21/11/2024 9:45 PM,21/11/2024 9:45 PM
371,Evie Mcgruddy,d23,Peter,Dunne,,Ōhāriu,United Future,"$10,000.00","$10,000.00","$10,000.00",No,$0.00,$0.00,$0.00,No,$0.00,$0.00,No,"$24,608.20","$24,608.20",Submitted,21/11/2024 9:44 PM,21/11/2024 9:44 PM,21/11/2024 9:44 PM
370,Evie Mcgruddy,d23,Steven,Dromgool,,Northcote,United Future,$0.00,$0.00,$0.00,No,$0.00,$0.00,$0.00,No,$0.00,$0.00,No,$0.00,$0.00,Submitted,21/11/2024 9:40 PM,21/11/2024 9:40 PM,21/11/2024 9:40 PM
369,Evie Mcgruddy,d23,Brian H,Carter,,Bay of Plenty,United Future,$0.00,$0.00,$0.00,No,$0.00,$0.00,$0.00,No,$0.00,$0.00,No,$0.00,$0.00,Submitted,21/11/2024 9:39 PM,21/11/2024 9:39 PM,21/11/2024 9:39 PM
368,Evie Mcgruddy,d23,Diane,Brown,,Ōtaki,United Future,$0.00,$0.00,$0.00,No,$0.00,$0.00,$0.00,No,$0.00,$0.00,No,$0.00,$0.00,Submitted,21/11/2024 9:22 PM,21/11/2024 9:22 PM,21/11/2024 9:22 PM
367,Evie Mcgruddy,d23,Warren,Voight,,Dunedin South,The New Zealand Democratic Party for Social Credit,$0.00,$0.00,$0.00,No,$0.00,$0.00,$0.00,No,$0.00,$0.00,No,"$3,990.00","$3,990.00",Submitted,21/11/2024 9:18 PM,21/11/2024 9:18 PM,21/11/2024 9:18 PM
366,Evie Mcgruddy,d23,Hessel,Van Wieren,,Waitaki,The New Zealand Democratic Party for Social Credit,$0.00,$0.00,$0.00,No,$0.00,$0.00,$0.00,No,$0.00,$0.00,No,"$1,152.76","$1,152.76",Submitted,21/11/2024 9:17 PM,21/11/2024 9:17 PM,21/11/2024 9:17 PM
365,Evie Mcgruddy,d23,Heather Marion,Smith,,Whanganui,The New Zealand Democratic Party for Social Credit,$0.00,$0.00,$0.00,No,$0.00,$0.00,$0.00,No,$0.00,$0.00,No,$150.00,$150.00,Submitted,21/11/2024 9:15 PM,21/11/2024 9:15 PM,21/11/2024 9:15 PM
364,Evie Mcgruddy,d23,Katherine,Ransom,,Tauranga,The New Zealand Democratic Party for Social Credit,$0.00,$0.00,$0.00,No,$0.00,$0.00,$0.00,No,$0.00,$0.00,No,$76.00,$76.00,Submitted,21/11/2024 9:14 PM,21/11/2024 9:14 PM,21/11/2024 9:14 PM
363,Evie Mcgruddy,d23,Barry,Pulford,,Tukituki,The New Zealand Democratic Party for Social Credit,$0.00,$0.00,$0.00,No,$0.00,$0.00,$0.00,No,$0.00,$0.00,No,$0.00,$0.00,Submitted,21/11/2024 9:13 PM,21/11/2024 9:13 PM,21/11/2024 9:13 PM
362,Evie Mcgruddy,d23,Les,Port,,Hamilton West,The New Zealand Democratic Party for Social Credit,$0.00,$0.00,$0.00,No,$0.00,$0.00,$0.00,No,$0.00,$0.00,No,$176.54,$176.54,Submitted,21/11/2024 9:12 PM,21/11/2024 9:12 PM,21/11/2024 9:12 PM
361,Evie Mcgruddy,d23,John,Pemberton,,Waikato,The New Zealand Democratic Party for Social Credit,$0.00,$0.00,$0.00,No,$0.00,$0.00,$0.00,No,$0.00,$0.00,No,$435.55,$435.55,Submitted,21/11/2024 9:10 PM,21/11/2024 9:10 PM,21/11/2024 9:10 PM
360,Evie Mcgruddy,d23,Jeremy,Noble,,Dunedin North,The New Zealand Democratic Party for Social Credit,$0.00,$0.00,$0.00,No,$0.00,$0.00,$0.00,No,$0.00,$0.00,No,"$4,075.33","$4,075.33",Submitted,21/11/2024 9:09 PM,21/11/2024 9:09 PM,21/11/2024 9:09 PM
359,Evie Mcgruddy,d23,Huia,Mitchell,,Hunua,The New Zealand Democratic Party for Social Credit,$0.00,$0.00,$0.00,No,$0.00,$0.00,$0.00,No,$0.00,$0.00,No,"$1,190.80","$1,190.80",Submitted,21/11/2024 9:08 PM,21/11/2024 9:08 PM,21/11/2024 9:08 PM
358,Evie Mcgruddy,d23,Robert,Mills,,Clutha-Southland,The New Zealand Democratic Party for Social Credit,$0.00,$0.00,$0.00,No,$0.00,$0.00,$0.00,No,$0.00,$0.00,No,$792.20,$792.20,Submitted,21/11/2024 9:07 PM,21/11/2024 9:07 PM,21/11/2024 9:07 PM
357,Evie Mcgruddy,d23,Carolyn,McKenzie,,Hamilton East,The New Zealand Democratic Party for Social Credit,$0.00,$0.00,$0.00,No,$0.00,$0.00,$0.00,No,$0.00,$0.00,No,"$1,381.54","$1,381.54",Submitted,21/11/2024 9:06 PM,21/11/2024 9:06 PM,21/11/2024 9:06 PM
356,Evie Mcgruddy,d23,John,McCaskey,,Kaikōura,The New Zealand Democratic Party for Social Credit,$0.00,$0.00,$0.00,No,$0.00,$0.00,$0.00,No,$0.00,$0.00,No,$1.00,$1.00,Submitted,21/11/2024 9:04 PM,21/11/2024 9:04 PM,21/11/2024 9:04 PM
355,Evie Mcgruddy,d23,Edgar Kenneth,Goodhue,,Whangārei,The New Zealand Democratic Party for Social Credit,$0.00,$0.00,$0.00,No,$0.00,$0.00,$0.00,No,$0.00,$0.00,No,$653.58,$653.58,Submitted,21/11/2024 9:02 PM,21/11/2024 9:02 PM,21/11/2024 9:02 PM
354,Evie Mcgruddy,d23,Stephnie,De Ruyter,,Invercargill,The New Zealand Democratic Party for Social Credit,"$5,000.00","$5,000.00","$5,000.00",No,$0.00,$0.00,$0.00,No,$0.00,$0.00,No,"$6,209.70","$6,209.70",Submitted,21/11/2024 8:59 PM,21/11/2024 8:59 PM,21/11/2024 8:59 PM
353,Evie Mcgruddy,d23,Mary,O'Neill,,Napier,Alliance Party,$0.00,$0.00,$0.00,No,$0.00,$0.00,$0.00,No,$0.00,$0.00,No,$425.00,$425.00,Submitted,21/11/2024 8:53 PM,21/11/2024 8:53 PM,21/11/2024 8:53 PM
352,Evie Mcgruddy,d23,Kay,Murray,,Dunedin South,Alliance Party,$0.00,$0.00,$0.00,No,$0.00,$0.00,$0.00,No,$0.00,$0.00,No,$343.23,$343.23,Submitted,21/11/2024 8:52 PM,21/11/2024 8:52 PM,21/11/2024 8:52 PM
351,Evie Mcgruddy,d23,Kevin Thomas,Campbell,,Wigram,Alliance Party,$0.00,$0.00,$0.00,No,$0.00,$0.00,$0.00,No,$0.00,$0.00,No,"$11,483.99","$11,483.99",Submitted,21/11/2024 8:50 PM,21/11/2024 8:50 PM,21/11/2024 8:50 PM
350,Evie Mcgruddy,d23,Kelly,Buchanan,,Wellington Central,Alliance Party,$0.00,$0.00,$0.00,No,$0.00,$0.00,$0.00,No,$0.00,$0.00,No,$394.33,$394.33,Submitted,21/11/2024 8:49 PM,21/11/2024 8:49 PM,21/11/2024 8:49 PM
349,Evie Mcgruddy,d23,Victor,Billot,,Dunedin North,Alliance Party,$0.00,$0.00,$0.00,No,$0.00,$0.00,$0.00,No,$0.00,$0.00,No,$126.60,$126.60,Submitted,21/11/2024 8:47 PM,21/11/2024 8:47 PM,21/11/2024 8:47 PM
348,Evie Mcgruddy,d23,Robert,Wansink,,Dunedin South,Restore All Things in Christ,$0.00,$0.00,$0.00,No,$0.00,$0.00,$0.00,No,$0.00,$0.00,No,$0.00,$0.00,Submitted,21/11/2024 8:20 PM,21/11/2024 8:20 PM,21/11/2024 8:20 PM
347,Evie Mcgruddy,d23,Bruce,Kingsbury,,Hamilton East,Pirate Party of New Zealand,$0.00,$0.00,$0.00,No,$0.00,$0.00,$0.00,No,$0.00,$0.00,No,$150.00,$150.00,Submitted,21/11/2024 8:15 PM,21/11/2024 8:15 PM,21/11/2024 8:15 PM
346,Evie Mcgruddy,d23,Tubby,Hansen,,Wigram,NZ Economic Euthenics Party,$0.00,$0.00,$0.00,No,$0.00,$0.00,$0.00,No,$0.00,$0.00,No,$0.00,$0.00,Submitted,21/11/2024 8:09 PM,21/11/2024 8:09 PM,21/11/2024 8:09 PM
345,Evie Mcgruddy,d23,Tony,Corbett,,Clutha-Southland,New Zealand Sovereignty,$0.00,$0.00,$0.00,No,$0.00,$0.00,$0.00,No,$0.00,$0.00,No,"$1,063.29","$1,063.29",Submitted,21/11/2024 7:40 PM,21/11/2024 7:40 PM,21/11/2024 7:40 PM
344,Evie Mcgruddy,d23,Edwin,Perry,,Taupō,NZ First,$0.00,$0.00,$0.00,No,$0.00,$0.00,$0.00,No,$0.00,$0.00,No,$869.65,$869.65,Submitted,21/11/2024 5:44 AM,21/11/2024 5:44 AM,21/11/2024 5:44 AM
343,Evie Mcgruddy,d23,Pita,Paraone,,Whangārei,NZ First,$0.00,$0.00,$0.00,No,$0.00,$0.00,$0.00,No,$0.00,$0.00,No,"$18,440.26","$18,440.26",Submitted,21/11/2024 5:42 AM,21/11/2024 5:42 AM,21/11/2024 5:42 AM
342,Evie Mcgruddy,d23,Denis,O'Rourke,,Port Hills,NZ First,$0.00,$0.00,$0.00,No,$0.00,$0.00,$0.00,No,$0.00,$0.00,No,"$4,822.00","$4,822.00",Submitted,21/11/2024 5:40 AM,21/11/2024 5:40 AM,21/11/2024 5:40 AM
341,Evie Mcgruddy,d23,Doug,Nabbs,,Hunua,NZ First,$0.00,$0.00,$0.00,No,$0.00,$0.00,$0.00,No,$0.00,$0.00,No,"$2,351.82","$2,351.82",Submitted,21/11/2024 5:38 AM,21/11/2024 5:38 AM,21/11/2024 5:38 AM
340,Evie Mcgruddy,d23,Helen,Mulford,,Pakuranga,NZ First,$0.00,$0.00,$0.00,No,$0.00,$0.00,$0.00,No,$0.00,$0.00,No,$937.78,$937.78,Submitted,21/11/2024 5:37 AM,21/11/2024 5:37 AM,21/11/2024 5:37 AM
339,Evie Mcgruddy,d23,Tracey,Martin,,Rodney,NZ First,$0.00,$0.00,$0.00,No,$0.00,$0.00,$0.00,No,$0.00,$0.00,No,"$1,446.18","$1,446.18",Submitted,21/11/2024 5:36 AM,21/11/2024 5:36 AM,21/11/2024 5:36 AM
338,Evie Mcgruddy,d23,Dion Clifford,Jelley,,Northcote,NZ First,$770.00,$770.00,$770.00,No,$0.00,$0.00,$0.00,No,$0.00,$0.00,No,$450.00,$450.00,Submitted,21/11/2024 5:34 AM,21/11/2024 5:34 AM,21/11/2024 5:34 AM
337,Evie Mcgruddy,d23,Taliaoa Olivia,Ilalio,,Māngere,NZ First,$0.00,$0.00,$0.00,No,$0.00,$0.00,$0.00,No,$0.00,$0.00,No,$0.00,$0.00,Submitted,21/11/2024 5:28 AM,21/11/2024 5:28 AM,21/11/2024 5:28 AM
336,Evie Mcgruddy,d23,Brendan,Horan,,Tauranga,NZ First,"$2,000.00","$2,000.00","$2,000.00",No,$0.00,$0.00,$0.00,No,$0.00,$0.00,No,"$7,696.81","$7,696.81",Submitted,21/11/2024 5:26 AM,21/11/2024 5:26 AM,21/11/2024 5:26 AM
335,Evie Mcgruddy,d23,Jerry,Ho,,Maungakiekie,NZ First,$0.00,$0.00,$0.00,No,$0.00,$0.00,$0.00,No,$0.00,$0.00,No,"$2,302.85","$2,302.85",Submitted,21/11/2024 5:22 AM,21/11/2024 5:22 AM,21/11/2024 5:22 AM
334,Evie Mcgruddy,d23,John,Hall,,Manurewa,NZ First,$810.60,$810.60,$810.60,No,$0.00,$0.00,$0.00,No,$0.00,$0.00,No,"$2,842.05","$2,842.05",Submitted,21/11/2024 5:20 AM,21/11/2024 5:20 AM,21/11/2024 5:20 AM
333,Evie Mcgruddy,d23,Bill,Gudgeon,,Hamilton West,NZ First,$0.00,$0.00,$0.00,No,$0.00,$0.00,$0.00,No,$0.00,$0.00,No,$565.23,$565.23,Submitted,21/11/2024 5:14 AM,21/11/2024 5:14 AM,21/11/2024 5:14 AM
332,Evie Mcgruddy,d23,Kevin,Gardener,,Nelson,NZ First,$0.00,$0.00,$0.00,No,$0.00,$0.00,$0.00,No,$0.00,$0.00,No,$0.00,$0.00,Submitted,21/11/2024 5:12 AM,21/11/2024 5:12 AM,21/11/2024 5:12 AM
331,Evie Mcgruddy,d23,Raymond,Dolman,,Bay of Plenty,NZ First,$0.00,$0.00,$0.00,No,$0.00,$0.00,$0.00,No,$0.00,$0.00,No,"$12,841.94","$12,841.94",Submitted,21/11/2024 5:11 AM,21/11/2024 5:11 AM,21/11/2024 5:11 AM
330,Evie Mcgruddy,d23,Allen,Davies,,Auckland Central,NZ First,$0.00,$0.00,$0.00,No,$0.00,$0.00,$0.00,No,$0.00,$0.00,No,$224.25,$224.25,Submitted,21/11/2024 5:10 AM,21/11/2024 5:10 AM,21/11/2024 5:10 AM
329,Evie Mcgruddy,d23,Ben,Craven,,Wellington Central,NZ First,$0.00,$0.00,$0.00,No,$0.00,$0.00,$0.00,No,$0.00,$0.00,No,$0.00,$0.00,Submitted,21/11/2024 5:09 AM,21/11/2024 5:09 AM,21/11/2024 5:09 AM
328,Evie Mcgruddy,d23,Brent,Catchpole,,Papakura,NZ First,$0.00,$0.00,$0.00,No,$0.00,$0.00,$0.00,No,$0.00,$0.00,No,"$6,206.46","$6,206.46",Submitted,21/11/2024 5:08 AM,21/11/2024 5:08 AM,21/11/2024 5:08 AM
327,Evie Mcgruddy,d23,Ian,Brougham,,Whanganui,NZ First,$0.00,$0.00,$0.00,No,$0.00,$0.00,$0.00,No,$0.00,$0.00,No,$0.00,$0.00,Submitted,21/11/2024 5:07 AM,21/11/2024 5:07 AM,21/11/2024 5:07 AM
326,Evie Mcgruddy,d23,Mahesh,Bindra,,Mt Roskill,NZ First,"$5,600.00","$5,600.00","$5,600.00",No,$0.00,$0.00,$0.00,No,$0.00,$0.00,No,"$2,533.04","$2,533.04",Submitted,21/11/2024 5:05 AM,21/11/2024 5:05 AM,21/11/2024 5:05 AM
325,Evie Mcgruddy,d23,Hugh,Barr,,Ōhāriu,NZ First,$0.00,$0.00,$0.00,No,$0.00,$0.00,$0.00,No,$0.00,$0.00,No,"$1,027.84","$1,027.84",Submitted,21/11/2024 5:01 AM,21/11/2024 5:01 AM,21/11/2024 5:01 AM
324,Evie Mcgruddy,d23,Bill,Woods,,Selwyn,NZ First,$0.00,$0.00,$0.00,No,$0.00,$0.00,$0.00,No,$0.00,$0.00,No,$591.85,$591.85,Submitted,21/11/2024 4:58 AM,21/11/2024 4:58 AM,21/11/2024 4:58 AM
323,Evie Mcgruddy,d23,Andrew,Williams,,North Shore,NZ First,$0.00,$0.00,$0.00,No,$0.00,$0.00,$0.00,No,$0.00,$0.00,No,"$2,138.55","$2,138.55",Submitted,21/11/2024 4:52 AM,21/11/2024 4:52 AM,21/11/2024 4:52 AM
322,Evie Mcgruddy,d23,Asenati,Taylor,,Manukau East,NZ First,$0.00,$0.00,$0.00,No,$0.00,$0.00,$0.00,No,$0.00,$0.00,No,"$9,875.86","$9,875.86",Submitted,21/11/2024 4:50 AM,21/11/2024 4:50 AM,21/11/2024 4:50 AM
321,Evie Mcgruddy,d23,Fletcher H,Tabuteau,,Rotorua,NZ First,$0.00,$0.00,$0.00,No,$0.00,$0.00,$0.00,No,$0.00,$0.00,No,"$2,004.80","$2,004.80",Submitted,21/11/2024 4:49 AM,21/11/2024 4:49 AM,21/11/2024 4:49 AM
320,Evie Mcgruddy,d23,Kevin,Stone,,Coromandel,NZ First,$0.00,$0.00,$0.00,No,$0.00,$0.00,$0.00,No,$0.00,$0.00,No,"$2,939.07","$2,939.07",Submitted,21/11/2024 4:43 AM,21/11/2024 4:43 AM,21/11/2024 4:43 AM
319,Evie Mcgruddy,d23,Gordon,Stewart,,Hamilton East,NZ First,$463.80,$463.80,$463.80,No,$0.00,$0.00,$0.00,No,$0.00,$0.00,No,"$5,066.27","$5,066.27",Submitted,21/11/2024 4:42 AM,21/11/2024 4:42 AM,21/11/2024 4:42 AM
318,Evie Mcgruddy,d23,Barbara,Stewart,,Waikato,NZ First,$0.00,$0.00,$0.00,No,$0.00,$0.00,$0.00,No,$0.00,$0.00,No,"$1,081.30","$1,081.30",Submitted,21/11/2024 4:38 AM,21/11/2024 4:38 AM,21/11/2024 4:38 AM
317,Evie Mcgruddy,d23,David,Scott,,Ōtaki,NZ First,$0.00,$0.00,$0.00,No,$0.00,$0.00,$0.00,No,$0.00,$0.00,No,$0.00,$0.00,Submitted,21/11/2024 4:37 AM,21/11/2024 4:37 AM,21/11/2024 4:37 AM
316,Evie Mcgruddy,d23,Tamati,Reid,,East Coast,NZ First,$0.00,$0.00,$0.00,No,$0.00,$0.00,$0.00,No,$0.00,$0.00,No,$0.00,$0.00,Submitted,21/11/2024 4:35 AM,21/11/2024 4:35 AM,21/11/2024 4:35 AM
315,Evie Mcgruddy,d23,Randall,Ratana,,Dunedin South,NZ First,$0.00,$0.00,$0.00,No,$0.00,$0.00,$0.00,No,$0.00,$0.00,No,$430.00,$430.00,Submitted,21/11/2024 4:30 AM,21/11/2024 4:30 AM,21/11/2024 4:30 AM
314,Evie Mcgruddy,d23,Richard,Prosser,,Waimakariri,NZ First,$0.00,$0.00,$0.00,No,$0.00,$0.00,$0.00,No,$0.00,$0.00,No,$946.24,$946.24,Submitted,21/11/2024 4:29 AM,21/11/2024 4:29 AM,21/11/2024 4:29 AM
313,Evie Mcgruddy,d23,Brent,Pierson,,Rongotai,NZ First,"$1,000.00","$1,000.00","$1,000.00",No,$0.00,$0.00,$0.00,No,$0.00,$0.00,No,"$1,420.00","$1,420.00",Submitted,21/11/2024 4:22 AM,21/11/2024 4:22 AM,21/11/2024 4:22 AM
312,Evie Mcgruddy,d23,Jonathan,Young,,New Plymouth,National Party,"$25,033.97","$25,033.97","$25,033.97",No,$0.00,$0.00,$0.00,No,$0.00,$0.00,No,"$15,787.55","$15,787.55",Submitted,21/11/2024 4:01 AM,21/11/2024 4:01 AM,21/11/2024 4:01 AM
311,Evie Mcgruddy,d23,Michael,Woodhouse,,Dunedin North,National Party,"$16,500.00","$16,500.00","$16,500.00",No,$0.00,$0.00,$0.00,No,$0.00,$0.00,No,"$15,986.32","$15,986.32",Submitted,21/11/2024 3:43 AM,21/11/2024 3:43 AM,21/11/2024 3:43 AM
310,Evie Mcgruddy,d23,Maurice,Williamson,,Pakuranga,National Party,"$4,500.00","$4,500.00","$4,500.00",No,$0.00,$0.00,$0.00,No,$0.00,$0.00,No,"$2,322.56","$2,322.56",Submitted,21/11/2024 3:38 AM,21/11/2024 3:38 AM,21/11/2024 3:38 AM
309,Evie Mcgruddy,d23,Kate,Wilkinson,,Waimakariri,National Party,"$25,080.00","$25,080.00","$25,080.00",No,$0.00,$0.00,$0.00,No,$0.00,$0.00,No,"$20,702.01","$20,702.01",Submitted,21/11/2024 3:31 AM,21/11/2024 3:31 AM,21/11/2024 3:31 AM
308,Evie Mcgruddy,d23,Rick,Drayson,,Helensville,New Conservatives,$0.00,$0.00,$0.00,No,$0.00,$0.00,$0.00,No,$0.00,$0.00,No,$41.68,$41.68,Submitted,21/11/2024 2:35 AM,21/11/2024 2:35 AM,21/11/2024 2:35 AM
307,Evie Mcgruddy,d23,Brian,Dobbs,,Waikato,New Conservatives,$0.00,$0.00,$0.00,No,$0.00,$0.00,$0.00,No,$0.00,$0.00,No,$41.68,$41.68,Submitted,21/11/2024 2:34 AM,21/11/2024 2:34 AM,21/11/2024 2:34 AM
306,Evie Mcgruddy,d23,Tim,De Vries,,Waimakariri,New Conservatives,$0.00,$0.00,$0.00,No,$0.00,$0.00,$0.00,No,$0.00,$0.00,No,$955.93,$955.93,Submitted,21/11/2024 2:30 AM,21/11/2024 2:30 AM,21/11/2024 2:30 AM
305,Evie Mcgruddy,d23,Bob,Daw,,Papakura,New Conservatives,$0.00,$0.00,$0.00,No,$0.00,$0.00,$0.00,No,$0.00,$0.00,No,$41.68,$41.68,Submitted,21/11/2024 2:29 AM,21/11/2024 2:29 AM,21/11/2024 2:29 AM
304,Evie Mcgruddy,d23,Ross,Craig,,Whangārei,New Conservatives,$0.00,$0.00,$0.00,No,$0.00,$0.00,$0.00,No,$0.00,$0.00,No,$169.68,$169.68,Submitted,21/11/2024 2:26 AM,21/11/2024 2:26 AM,21/11/2024 2:26 AM
303,Evie Mcgruddy,d23,Colin,Craig,,Rodney,New Conservatives,$0.00,$0.00,$0.00,No,$0.00,$0.00,$0.00,No,$0.00,$0.00,No,"$23,303.20","$23,303.20",Submitted,21/11/2024 2:03 AM,21/11/2024 2:03 AM,21/11/2024 2:03 AM
302,Evie Mcgruddy,d23,Gordon,Copeland,,Hutt South,Conservative Party,$0.00,$0.00,$0.00,No,$0.00,$0.00,$0.00,No,$0.00,$0.00,No,"$1,905.14","$1,905.14",Submitted,21/11/2024 2:01 AM,21/11/2024 2:01 AM,21/11/2024 2:01 AM
301,Evie Mcgruddy,d23,Michael,Cooke,,Christchurch Central,New Conservatives,$0.00,$0.00,$0.00,No,$0.00,$0.00,$0.00,No,$0.00,$0.00,No,$41.68,$41.68,Submitted,21/11/2024 1:58 AM,21/11/2024 1:58 AM,21/11/2024 1:58 AM
300,Evie Mcgruddy,d23,Kevin Patrick,Campbell,,Hunua,New Conservatives,$0.00,$0.00,$0.00,No,$0.00,$0.00,$0.00,No,$0.00,$0.00,No,$541.68,$541.68,Submitted,21/11/2024 1:53 AM,21/11/2024 1:53 AM,21/11/2024 1:53 AM
299,Evie Mcgruddy,d23,William Ross,Calverley,,Clutha-Southland,New Conservatives,$0.00,$0.00,$0.00,No,$0.00,$0.00,$0.00,No,$0.00,$0.00,No,$41.68,$41.68,Submitted,21/11/2024 1:42 AM,21/11/2024 1:42 AM,21/11/2024 1:42 AM
298,Evie Mcgruddy,d23,Roy,Brown,,Napier,New Conservatives,$0.00,$0.00,$0.00,No,$0.00,$0.00,$0.00,No,$0.00,$0.00,No,"$1,128.02","$1,128.02",Submitted,21/11/2024 1:41 AM,21/11/2024 1:41 AM,21/11/2024 1:41 AM
297,Evie Mcgruddy,d23,Mark,Breetvelt,,Taupō,New Conservatives,$0.00,$0.00,$0.00,No,$0.00,$0.00,$0.00,No,$0.00,$0.00,No,$41.68,$41.68,Submitted,21/11/2024 1:19 AM,21/11/2024 1:19 AM,21/11/2024 1:19 AM
296,Evie Mcgruddy,d23,Larry,Baldock,,Tauranga,New Conservatives,"$24,902.25","$24,902.25","$24,902.25",No,$0.00,$0.00,$0.00,No,$0.00,$0.00,No,"$24,902.25","$24,902.25",Submitted,21/11/2024 1:11 AM,21/11/2024 1:11 AM,21/11/2024 1:11 AM
295,Evie Mcgruddy,d23,Leighton,Baker,,Christchurch East,New Conservatives,"$9,698.68","$9,698.68","$9,698.68",No,$0.00,$0.00,$0.00,No,$0.00,$0.00,No,"$9,698.68","$9,698.68",Submitted,21/11/2024 12:56 AM,21/11/2024 12:56 AM,21/11/2024 12:56 AM
294,Evie Mcgruddy,d23,Nicky,Wagner,,Christchurch Central,National Party,"$19,808.04","$19,808.04","$19,808.04",No,$0.00,$0.00,$0.00,No,$0.00,$0.00,No,"$20,116.35","$20,116.35",Submitted,20/11/2024 11:18 PM,20/11/2024 11:18 PM,20/11/2024 11:18 PM
293,Evie Mcgruddy,d23,Louise,Upston,,Taupō,National Party,"$30,500.00","$30,500.00","$30,500.00",No,$0.00,$0.00,$0.00,No,$0.00,$0.00,No,"$19,636.83","$19,636.83",Submitted,20/11/2024 10:56 PM,20/11/2024 10:56 PM,20/11/2024 10:56 PM
292,Evie Mcgruddy,d23,Chris,Tremain,,Napier,National Party,"$6,902.64","$6,902.64","$6,902.64",No,$0.00,$0.00,$0.00,No,$0.00,$0.00,No,"$22,774.76","$22,774.76",Submitted,20/11/2024 10:51 PM,20/11/2024 10:51 PM,20/11/2024 10:51 PM
291,Evie Mcgruddy,d23,Anne,Tolley,,East Coast,National Party,"$19,859.46","$19,859.46","$19,859.46",No,$0.00,$0.00,$0.00,No,$0.00,$0.00,No,"$15,629.43","$15,629.43",Submitted,20/11/2024 10:09 PM,20/11/2024 10:09 PM,20/11/2024 10:09 PM
290,Evie Mcgruddy,d23,William Lindsay,Tisch,,Waikato,National Party,"$8,320.48","$8,320.48","$8,320.48",No,$0.00,$0.00,$0.00,No,$0.00,$0.00,No,"$8,320.48","$8,320.48",Submitted,20/11/2024 10:05 PM,20/11/2024 10:05 PM,20/11/2024 10:05 PM
289,Evie Mcgruddy,d23,Nick,Smith,,Nelson,National Party,"$10,000.00","$10,000.00","$10,000.00",No,$0.00,$0.00,$0.00,No,$0.00,$0.00,No,"$20,416.65","$20,416.65",Submitted,20/11/2024 9:59 PM,20/11/2024 9:59 PM,20/11/2024 9:59 PM
288,Evie Mcgruddy,d23,Scott,Simpson,,Coromandel,National Party,"$21,200.00","$21,200.00","$21,200.00",No,$0.00,$0.00,$0.00,No,$0.00,$0.00,No,"$19,390.62","$19,390.62",Submitted,20/11/2024 9:26 PM,20/11/2024 9:26 PM,20/11/2024 9:26 PM
287,Evie Mcgruddy,d23,Katrina,Shanks,,Ōhāriu,National Party,"$18,352.00","$18,352.00","$18,352.00",No,$0.00,$0.00,$0.00,No,$0.00,$0.00,No,"$14,944.72","$14,944.72",Submitted,20/11/2024 8:54 PM,20/11/2024 8:54 PM,20/11/2024 8:54 PM
286,Evie Mcgruddy,d23,Mike,Sabin,,Northland,National Party,"$28,999.34","$28,999.34","$28,999.34",No,$0.00,$0.00,$0.00,No,$0.00,$0.00,No,"$22,717.62","$22,717.62",Submitted,20/11/2024 8:50 PM,20/11/2024 8:50 PM,20/11/2024 8:50 PM
285,Evie Mcgruddy,d23,Tony,Ryall,,Bay of Plenty,National Party,"$9,200.16","$9,200.16","$9,200.16",No,$0.00,$0.00,$0.00,No,$0.00,$0.00,No,"$9,199.16","$9,199.16",Submitted,20/11/2024 8:45 PM,20/11/2024 8:45 PM,20/11/2024 8:45 PM
284,Evie Mcgruddy,d23,Eric,Roy,,Invercargill,National Party,"$26,000.00","$26,000.00","$26,000.00",No,$0.00,$0.00,$0.00,No,$0.00,$0.00,No,"$19,102.80","$19,102.80",Submitted,20/11/2024 5:25 AM,20/11/2024 5:25 AM,20/11/2024 5:25 AM
283,Evie Mcgruddy,d23,Jami-Lee,Ross,,Botany,National Party,"$9,727.45","$9,727.45","$9,727.45",No,$0.00,$0.00,$0.00,No,$0.00,$0.00,No,"$12,301.99","$12,301.99",Submitted,20/11/2024 4:51 AM,20/11/2024 4:51 AM,20/11/2024 4:51 AM
282,Evie Mcgruddy,d23,Paul,Quinn,,Hutt South,National Party,$0.00,$0.00,$0.00,No,$0.00,$0.00,$0.00,No,$0.00,$0.00,No,"$6,380.16","$6,380.16",Submitted,20/11/2024 4:48 AM,20/11/2024 4:48 AM,20/11/2024 4:48 AM
281,Evie Mcgruddy,d23,Hekia,Parata,,Mana,National Party,"$12,600.00","$12,600.00","$12,600.00",No,$0.00,$0.00,$0.00,No,$0.00,$0.00,No,"$20,795.52","$20,795.52",Submitted,20/11/2024 4:46 AM,20/11/2024 4:46 AM,20/11/2024 4:46 AM
280,Evie Mcgruddy,d23,Simon,O'Connor,,Tāmaki,National Party,"$9,022.00","$9,022.00","$9,022.00",No,$0.00,$0.00,$0.00,No,$0.00,$0.00,No,"$15,245.55","$15,245.55",Submitted,20/11/2024 4:30 AM,20/11/2024 4:30 AM,20/11/2024 4:30 AM
279,Evie Mcgruddy,d23,Mark,Mitchell,,Rodney,National Party,"$18,301.87","$18,301.87","$18,301.87",No,$0.00,$0.00,$0.00,No,$0.00,$0.00,No,"$18,730.00","$18,730.00",Submitted,20/11/2024 4:27 AM,20/11/2024 4:27 AM,20/11/2024 4:27 AM
278,Evie Mcgruddy,d23,Ian,McKelvie,,Rangitīkei,National Party,$0.00,$0.00,$0.00,No,$0.00,$0.00,$0.00,No,$0.00,$0.00,No,"$12,306.56","$12,306.56",Submitted,20/11/2024 4:22 AM,20/11/2024 4:22 AM,20/11/2024 4:22 AM
277,Evie Mcgruddy,d23,Murray,McCully,,East Coast Bays,National Party,"$12,998.00","$12,998.00","$12,998.00",No,$0.00,$0.00,$0.00,No,$0.00,$0.00,No,"$12,998.00","$12,998.00",Submitted,20/11/2024 4:21 AM,20/11/2024 4:21 AM,20/11/2024 4:21 AM
276,Evie Mcgruddy,d23,Todd,McClay,,Rotorua,National Party,"$38,500.00","$38,500.00","$38,500.00",No,$0.00,$0.00,$0.00,No,$0.00,$0.00,No,"$18,716.38","$18,716.38",Submitted,20/11/2024 3:54 AM,20/11/2024 3:54 AM,20/11/2024 3:54 AM
275,Evie Mcgruddy,d23,Tim,Macindoe,,Hamilton West,National Party,"$25,000.00","$25,000.00","$25,000.00",No,$0.00,$0.00,$0.00,No,$0.00,$0.00,No,"$19,950.50","$19,950.50",Submitted,20/11/2024 3:37 AM,20/11/2024 3:37 AM,20/11/2024 3:37 AM
274,Evie Mcgruddy,d23,Peseta Sam,Lotu-Iiga,,Maungakiekie,National Party,"$51,977.38","$51,977.38","$51,977.38",No,$0.00,$0.00,$0.00,No,$0.00,$0.00,No,"$21,006.64","$21,006.64",Submitted,20/11/2024 3:33 AM,20/11/2024 3:33 AM,20/11/2024 3:33 AM
273,Evie Mcgruddy,d23,Melissa,Lee,,Mt Albert,National Party,"$18,415.15","$18,415.15","$18,415.15",No,$0.00,$0.00,$0.00,No,$0.00,$0.00,No,"$9,879.67","$9,879.67",Submitted,20/11/2024 3:19 AM,20/11/2024 3:19 AM,20/11/2024 3:19 AM
272,Evie Mcgruddy,d23,Colin,King,,Kaikōura,National Party,"$14,500.00","$14,500.00","$14,500.00",No,$0.00,$0.00,$0.00,No,$0.00,$0.00,No,"$10,216.31","$10,216.31",Submitted,20/11/2024 3:16 AM,20/11/2024 3:16 AM,20/11/2024 3:16 AM
271,Evie Mcgruddy,d23,John,Key,,Helensville,National Party,"$11,745.80","$11,745.80","$11,745.80",No,$0.00,$0.00,$0.00,No,$0.00,$0.00,No,"$12,522.08","$12,522.08",Submitted,20/11/2024 3:08 AM,20/11/2024 3:08 AM,20/11/2024 3:08 AM
270,Evie Mcgruddy,d23,Nikki,Kaye,,Auckland Central,National Party,"$5,525.04","$5,525.04","$5,525.04",No,$0.00,$0.00,$0.00,No,$0.00,$0.00,No,"$21,347.78","$21,347.78",Submitted,20/11/2024 3:02 AM,20/11/2024 3:02 AM,20/11/2024 3:02 AM
269,Evie Mcgruddy,d23,Nikki,Kaye,,Auckland Central,National Party,"$5,525.04","$5,525.04",$0.00,No,$0.00,$0.00,$0.00,No,$0.00,$0.00,No,"$21,347.78","$21,347.78",Submitted,20/11/2024 2:57 AM,20/11/2024 2:57 AM,20/11/2024 2:57 AM
268,Evie Mcgruddy,d23,Paul,Hutchison,,Hunua,National Party,"$13,907.40","$13,907.40","$13,907.40",No,$0.00,$0.00,$0.00,No,$0.00,$0.00,No,"$9,700.28","$9,700.28",Submitted,20/11/2024 2:55 AM,20/11/2024 2:55 AM,20/11/2024 2:55 AM
267,Evie Mcgruddy,d23,Tau,Henare,,Te Atatū,National Party,"$10,872.94","$10,872.94","$10,872.94",No,$0.00,$0.00,$0.00,No,$0.00,$0.00,No,"$12,446.21","$12,446.21",Submitted,20/11/2024 1:35 AM,20/11/2024 1:35 AM,20/11/2024 1:35 AM
266,Evie Mcgruddy,d23,Phil,Heatley,,Whangārei,National Party,"$19,696.25","$19,696.25","$19,696.25",No,$0.00,$0.00,$0.00,No,$0.00,$0.00,No,"$15,104.49","$15,104.49",Submitted,20/11/2024 1:26 AM,20/11/2024 1:26 AM,20/11/2024 1:26 AM
265,Evie Mcgruddy,d23,John,Hayes,,Wairarapa,National Party,"$5,155.32","$5,155.32","$5,155.32",No,$0.00,$0.00,$0.00,No,$0.00,$0.00,No,"$14,921.26","$14,921.26",Submitted,20/11/2024 1:16 AM,20/11/2024 1:16 AM,20/11/2024 1:16 AM
264,Evie Mcgruddy,d23,Joanne,Hayes,,Wairarapa,National Party,"$3,538.00","$3,538.00","$3,538.00",No,$0.00,$0.00,$0.00,No,$0.00,$0.00,No,"$18,192.17","$18,192.17",Submitted,20/11/2024 12:12 AM,20/11/2024 12:12 AM,20/11/2024 12:12 AM
263,Evie Mcgruddy,d23,Claudette,Hauiti,,Māngere,National Party,"$9,015.00","$9,015.00","$9,015.00",No,$0.00,$0.00,$0.00,No,$0.00,$0.00,No,"$8,033.38","$8,033.38",Submitted,19/11/2024 11:55 PM,19/11/2024 11:55 PM,19/11/2024 11:55 PM
262,Evie Mcgruddy,d23,Leonie,Hapeta,,Palmerston North,National Party,"$45,735.18","$45,735.18","$45,735.18",No,$0.00,$0.00,$0.00,No,$0.00,$0.00,No,"$22,099.02","$22,099.02",Submitted,19/11/2024 11:51 PM,19/11/2024 11:51 PM,19/11/2024 11:51 PM
261,Evie Mcgruddy,d23,Nathan,Guy,,Ōtaki,National Party,"$33,523.90","$33,523.90","$33,523.90",No,$0.00,$0.00,$0.00,No,$0.00,$0.00,No,"$21,506.82","$21,506.82",Submitted,19/11/2024 11:10 PM,19/11/2024 11:10 PM,19/11/2024 11:10 PM
260,Evie Mcgruddy,d23,Tim,Groser,,New Lynn,National Party,"$10,075.00","$10,075.00","$10,075.00",No,$0.00,$0.00,$0.00,No,$0.00,$0.00,No,"$8,590.63","$8,590.63",Submitted,19/11/2024 11:02 PM,19/11/2024 11:02 PM,19/11/2024 11:02 PM
259,Evie Mcgruddy,d23,Jo,Goodhew,,Rangitata,National Party,"$40,000.00","$40,000.00","$40,000.00",No,$0.00,$0.00,$0.00,No,$0.00,$0.00,No,"$21,628.44","$21,628.44",Submitted,15/11/2024 2:48 AM,15/11/2024 2:48 AM,15/11/2024 2:48 AM
258,Evie Mcgruddy,d23,Paul,Goldsmith,,Epsom,National Party,"$9,176.00","$9,176.00","$9,176.00",No,$0.00,$0.00,$0.00,No,$0.00,$0.00,No,"$4,040.05","$4,040.05",Submitted,15/11/2024 2:28 AM,15/11/2024 2:28 AM,15/11/2024 2:28 AM
257,Evie Mcgruddy,d23,Aaron,Gilmore,,Christchurch East,National Party,"$10,015.23","$10,015.23","$10,015.23",No,$0.00,$0.00,$0.00,No,$0.00,$0.00,No,"$6,969.05","$6,969.05",Submitted,15/11/2024 2:23 AM,15/11/2024 2:23 AM,15/11/2024 2:23 AM
256,Evie Mcgruddy,d23,Craig,Foss,,Tukituki,National Party,"$15,750.00","$15,750.00","$15,750.00",No,$0.00,$0.00,$0.00,No,$0.00,$0.00,No,"$15,750.00","$15,750.00",Submitted,15/11/2024 2:02 AM,15/11/2024 2:02 AM,15/11/2024 2:02 AM
255,Evie Mcgruddy,d23,Jonathan,Fletcher,,Rimutaka,National Party,"$15,851.00","$15,851.00","$15,851.00",No,$0.00,$0.00,$0.00,No,$0.00,$0.00,No,"$19,116.30","$19,116.30",Submitted,15/11/2024 1:58 AM,15/11/2024 1:58 AM,15/11/2024 1:58 AM
254,Evie Mcgruddy,d23,Christopher,Finlayson,,Rongotai,National Party,"$15,161.36","$15,161.36","$15,161.36",No,$0.00,$0.00,$0.00,No,$0.00,$0.00,No,"$7,630.36","$7,630.36",Submitted,15/11/2024 1:55 AM,15/11/2024 1:55 AM,15/11/2024 1:55 AM
253,Evie Mcgruddy,d23,Bill,English,,Clutha-Southland,National Party,"$42,723.00","$42,723.00","$42,723.00",No,$0.00,$0.00,$0.00,No,$0.00,$0.00,No,"$15,104.04","$15,104.04",Submitted,15/11/2024 1:51 AM,15/11/2024 1:51 AM,15/11/2024 1:51 AM
252,Evie Mcgruddy,d23,Ivan,Bailey,,New Lynn,New Conservatives,$0.00,$0.00,$0.00,No,$0.00,$0.00,$0.00,No,$0.00,$0.00,No,$41.68,$41.68,Submitted,14/11/2024 8:37 PM,14/11/2024 8:37 PM,14/11/2024 8:37 PM
251,Evie Mcgruddy,d23,Richard,Addis,,Manurewa,New Conservatives,$0.00,$0.00,$0.00,No,$0.00,$0.00,$0.00,No,$0.00,$0.00,No,$41.68,$41.68,Submitted,14/11/2024 8:33 PM,14/11/2024 8:33 PM,14/11/2024 8:33 PM
250,Evie Mcgruddy,d23,Stephen,Whittington,,Wellington Central,ACT,$0.00,$0.00,$0.00,No,$0.00,$0.00,$0.00,No,$0.00,$0.00,No,$0.00,$0.00,Submitted,14/11/2024 1:36 AM,14/11/2024 1:36 AM,14/11/2024 1:36 AM
249,Evie Mcgruddy,d23,Michael,Warren,,Mana,ACT,$0.00,$0.00,$0.00,No,$0.00,$0.00,$0.00,No,$0.00,$0.00,No,$0.00,$0.00,Submitted,14/11/2024 1:35 AM,14/11/2024 1:35 AM,14/11/2024 1:35 AM
248,Evie Mcgruddy,d23,Jacqui,Dean,,Waitaki,National Party,"$13,264.45","$13,264.45","$13,264.45",No,$0.00,$0.00,$0.00,No,$0.00,$0.00,No,"$6,538.57","$6,538.57",Submitted,13/11/2024 4:08 AM,13/11/2024 4:08 AM,13/11/2024 4:08 AM
247,Evie Mcgruddy,d23,Sam,Collins,,Wigram,National Party,"$63,700.00","$63,700.00","$63,700.00",No,$0.00,$0.00,$0.00,No,$0.00,$0.00,No,"$22,100.59","$22,100.59",Submitted,13/11/2024 1:56 AM,13/11/2024 1:56 AM,13/11/2024 1:56 AM
246,Evie Mcgruddy,d23,Judith,Collins,,Papakura,National Party,"$30,532.14","$30,532.14","$30,532.14",No,$0.00,$0.00,$0.00,No,$0.00,$0.00,No,"$16,499.38","$16,499.38",Submitted,13/11/2024 1:39 AM,13/11/2024 1:39 AM,13/11/2024 1:39 AM
245,Evie Mcgruddy,d23,Gareth,Veale,,Ilam,ACT,$0.00,$0.00,$0.00,No,$0.00,$0.00,$0.00,No,$0.00,$0.00,No,$0.00,$0.00,Submitted,13/11/2024 12:30 AM,13/11/2024 12:30 AM,13/11/2024 12:30 AM
244,Evie Mcgruddy,d23,John,Thompson,,Papakura,ACT,"$5,000.00","$5,000.00","$5,000.00",No,$0.00,$0.00,$0.00,No,$0.00,$0.00,No,$434.70,$434.70,Submitted,13/11/2024 12:02 AM,13/11/2024 12:02 AM,13/11/2024 12:02 AM
243,Evie Mcgruddy,d23,Daniel,Stratton,,Palmerston North,ACT,$0.00,$0.00,$0.00,No,$0.00,$0.00,$0.00,No,$0.00,$0.00,No,$407.93,$407.93,Submitted,12/11/2024 11:43 PM,12/11/2024 11:43 PM,12/11/2024 11:43 PM
242,Evie Mcgruddy,d23,Jonathan,Coleman,,Northcote,National Party,"$36,500.00","$36,500.00","$36,500.00",No,$0.00,$0.00,$0.00,No,$0.00,$0.00,No,"$17,418.44","$17,418.44",Submitted,12/11/2024 11:09 PM,12/11/2024 11:09 PM,12/11/2024 11:09 PM
241,Evie Mcgruddy,d23,David,Carter,,Port Hills,National Party,"$10,000.00","$10,000.00","$10,000.00",No,$0.00,$0.00,$0.00,No,$0.00,$0.00,No,"$6,551.36","$6,551.36",Submitted,12/11/2024 9:23 PM,12/11/2024 9:23 PM,12/11/2024 9:23 PM
240,Evie Mcgruddy,d23,Cam,Calder,,Manurewa,National Party,"$22,000.00","$22,000.00","$22,000.00",No,$0.00,$0.00,$0.00,No,$0.00,$0.00,No,"$10,011.84","$10,011.84",Submitted,12/11/2024 8:53 PM,12/11/2024 8:53 PM,12/11/2024 8:53 PM
239,Evie Mcgruddy,d23,Gerry,Brownlee,,Ilam,National Party,"$17,979.00","$17,979.00","$17,979.00",No,$0.00,$0.00,$0.00,No,$0.00,$0.00,No,"$7,355.98","$7,355.98",Submitted,12/11/2024 8:39 PM,12/11/2024 8:39 PM,12/11/2024 8:39 PM
238,Evie Mcgruddy,d23,Simon,Bridges,,Tauranga,National Party,"$28,000.00","$28,000.00","$28,000.00",No,$0.00,$0.00,$0.00,No,$0.00,$0.00,No,"$14,462.89","$14,462.89",Submitted,12/11/2024 7:58 PM,12/11/2024 7:58 PM,12/11/2024 7:58 PM
237,Evie Mcgruddy,d23,Barbara,Steinijans,,New Lynn,ACT,$0.00,$0.00,$0.00,No,$0.00,$0.00,$0.00,No,$0.00,$0.00,No,$0.00,$0.00,Submitted,11/11/2024 5:21 AM,11/11/2024 5:21 AM,11/11/2024 5:21 AM
236,Evie Mcgruddy,d23,Alex,Speirs,,Hutt South,National Party,$0.00,$0.00,$0.00,No,$0.00,$0.00,$0.00,No,$0.00,$0.00,No,$0.00,$0.00,Submitted,11/11/2024 5:15 AM,11/11/2024 5:15 AM,11/11/2024 5:15 AM
235,Evie Mcgruddy,d23,Chris,Simmons,,Pakuranga,ACT,$0.00,$0.00,$0.00,No,$0.00,$0.00,$0.00,No,$0.00,$0.00,No,$0.00,$0.00,Submitted,11/11/2024 5:11 AM,11/11/2024 5:11 AM,11/11/2024 5:11 AM
234,Evie Mcgruddy,d23,David,Seymour,,Auckland Central,ACT,"$3,600.00","$3,600.00","$3,600.00",No,$0.00,$0.00,$0.00,No,$0.00,$0.00,No,"$2,402.55","$2,402.55",Submitted,11/11/2024 5:05 AM,11/11/2024 5:05 AM,11/11/2024 5:05 AM
233,Evie Mcgruddy,d23,Toni,Severin,,Christchurch Central,ACT,$0.00,$0.00,$0.00,No,$0.00,$0.00,$0.00,No,$0.00,$0.00,No,$164.75,$164.75,Submitted,11/11/2024 4:49 AM,11/11/2024 4:49 AM,11/11/2024 4:49 AM
232,Evie Mcgruddy,d23,Geoff,Russell,,Port Hills,ACT,$0.00,$0.00,$0.00,No,$0.00,$0.00,$0.00,No,$0.00,$0.00,No,$0.00,$0.00,Submitted,11/11/2024 4:47 AM,11/11/2024 4:47 AM,11/11/2024 4:47 AM
231,Evie Mcgruddy,d23,David,Peterson,,Manurewa,ACT,$0.00,$0.00,$0.00,No,$0.00,$0.00,$0.00,No,$0.00,$0.00,No,$0.00,$0.00,Submitted,11/11/2024 4:45 AM,11/11/2024 4:45 AM,11/11/2024 4:45 AM
230,Evie Mcgruddy,d23,John,Ormond,,Napier,ACT,$0.00,$0.00,$0.00,No,$0.00,$0.00,$0.00,No,$0.00,$0.00,No,"$2,890.00","$2,890.00",Submitted,11/11/2024 4:43 AM,11/11/2024 4:43 AM,11/11/2024 4:43 AM
229,Evie Mcgruddy,d23,John,Norvill,,East Coast,ACT,$0.00,$0.00,$0.00,No,$0.00,$0.00,$0.00,No,$0.00,$0.00,No,$0.00,$0.00,Submitted,11/11/2024 4:36 AM,11/11/2024 4:36 AM,11/11/2024 4:36 AM
228,Evie Mcgruddy,d23,Don,Nicolson,,Clutha-Southland,ACT,$0.00,$0.00,$0.00,No,$0.00,$0.00,$0.00,No,$0.00,$0.00,No,$0.00,$0.00,Submitted,11/11/2024 4:35 AM,11/11/2024 4:35 AM,11/11/2024 4:35 AM
227,Evie Mcgruddy,d23,Colin,Nicholls,,Waitaki,ACT,$0.00,$0.00,$0.00,No,$0.00,$0.00,$0.00,No,$0.00,$0.00,No,"$2,809.45","$2,809.45",Submitted,11/11/2024 4:34 AM,11/11/2024 4:34 AM,11/11/2024 4:34 AM
226,Evie Mcgruddy,d23,Pratima,Nand,,Mt Roskill,ACT,$0.00,$0.00,$0.00,No,$0.00,$0.00,$0.00,No,$0.00,$0.00,No,$0.00,$0.00,Submitted,11/11/2024 4:33 AM,11/11/2024 4:33 AM,11/11/2024 4:33 AM
225,Evie Mcgruddy,d23,Lyn,Murphy,,Botany,ACT,$0.00,$0.00,$0.00,No,$0.00,$0.00,$0.00,No,$0.00,$0.00,No,$0.00,$0.00,Submitted,11/11/2024 4:32 AM,11/11/2024 4:32 AM,11/11/2024 4:32 AM
224,Evie Mcgruddy,d23,Guy,McCallum,,Dunedin North,ACT,$0.00,$0.00,$0.00,No,$0.00,$0.00,$0.00,No,$0.00,$0.00,No,$0.00,$0.00,Submitted,11/11/2024 4:31 AM,11/11/2024 4:31 AM,11/11/2024 4:31 AM
223,Evie Mcgruddy,d23,Peter,McCaffrey,,Ōtaki,ACT,$0.00,$0.00,$0.00,No,$0.00,$0.00,$0.00,No,$0.00,$0.00,No,$0.00,$0.00,Submitted,11/11/2024 4:30 AM,11/11/2024 4:30 AM,11/11/2024 4:30 AM
222,Evie Mcgruddy,d23,Kath,McCabe,,Tauranga,ACT,$0.00,$0.00,$0.00,No,$0.00,$0.00,$0.00,No,$0.00,$0.00,No,$0.00,$0.00,Submitted,11/11/2024 4:27 AM,11/11/2024 4:27 AM,11/11/2024 4:27 AM
221,Evie Mcgruddy,d23,Garry,Mallett,,Hamilton East,ACT,$0.00,$0.00,$0.00,No,$0.00,$0.00,$0.00,No,$0.00,$0.00,No,$164.95,$164.95,Submitted,11/11/2024 4:26 AM,11/11/2024 4:26 AM,11/11/2024 4:26 AM
220,Evie Mcgruddy,d23,Jonathan,McFarlane,,Manukau East,ACT,$0.00,$0.00,$0.00,No,$0.00,$0.00,$0.00,No,$0.00,$0.00,No,$130.00,$130.00,Submitted,11/11/2024 4:25 AM,11/11/2024 4:25 AM,11/11/2024 4:25 AM
219,Evie Mcgruddy,d23,Joel,Latimer,,Rongotai,ACT,$0.00,$0.00,$0.00,No,$0.00,$0.00,$0.00,No,$0.00,$0.00,No,$0.00,$0.00,Submitted,11/11/2024 4:24 AM,11/11/2024 4:24 AM,11/11/2024 4:24 AM
218,Evie Mcgruddy,d23,Tim,Kronfield,,Northcote,ACT,$0.00,$0.00,$0.00,No,$0.00,$0.00,$0.00,No,$0.00,$0.00,No,$0.00,$0.00,Submitted,11/11/2024 4:23 AM,11/11/2024 4:23 AM,11/11/2024 4:23 AM
217,Evie Mcgruddy,d23,Nick,Kearney,,Helensville,ACT,$0.00,$0.00,$0.00,No,$0.00,$0.00,$0.00,No,$0.00,$0.00,No,$0.00,$0.00,Submitted,11/11/2024 2:07 AM,11/11/2024 2:07 AM,11/11/2024 2:07 AM
216,Evie Mcgruddy,d23,Rosanne,Jollands,,Taupō,ACT,$0.00,$0.00,$0.00,No,$0.00,$0.00,$0.00,No,$0.00,$0.00,No,$0.00,$0.00,Submitted,11/11/2024 1:29 AM,11/11/2024 1:29 AM,11/11/2024 1:29 AM
215,Evie Mcgruddy,d23,Toby,Hutton,,East Coast Bays,ACT,$0.00,$0.00,$0.00,No,$0.00,$0.00,$0.00,No,$0.00,$0.00,No,$0.00,$0.00,Submitted,11/11/2024 1:28 AM,11/11/2024 1:28 AM,11/11/2024 1:28 AM
214,Evie Mcgruddy,d23,Chester,Borrows,,Whanganui,National Party,"$19,000.00","$19,000.00","$19,000.00",No,$0.00,$0.00,$0.00,No,$0.00,$0.00,No,"$15,313.89","$15,313.89",Submitted,11/11/2024 1:06 AM,11/11/2024 1:06 AM,11/11/2024 1:06 AM
213,Evie Mcgruddy,d23,Jackie,Blue,,Mt Roskill,National Party,"$14,401.57","$14,401.57","$14,401.57",No,$0.00,$0.00,$0.00,No,$0.00,$0.00,No,"$5,657.14","$5,657.14",Submitted,11/11/2024 12:56 AM,11/11/2024 12:56 AM,11/11/2024 12:56 AM
212,Evie Mcgruddy,d23,David,Bennett,,Hamilton East,National Party,"$22,600.00","$22,600.00","$22,600.00",No,$0.00,$0.00,$0.00,No,$0.00,$0.00,No,"$17,001.49","$17,001.49",Submitted,11/11/2024 12:51 AM,11/11/2024 12:51 AM,11/11/2024 12:51 AM
211,Evie Mcgruddy,d23,Maggie,Barry,,North Shore,National Party,"$13,800.00","$13,800.00","$34,973.00",No,$0.00,$0.00,$0.00,No,$0.00,$0.00,No,"$19,768.16","$19,768.16",Submitted,11/11/2024 12:44 AM,11/11/2024 12:44 AM,11/11/2024 12:44 AM
210,Evie Mcgruddy,d23,Kanwalijt Singh,Bakshi,,Manukau East,National Party,"$16,391.03","$16,391.03","$16,391.03",No,$0.00,$0.00,$0.00,No,$0.00,$0.00,No,"$9,852.94","$9,852.94",Submitted,10/11/2024 9:03 PM,10/11/2024 9:03 PM,10/11/2024 9:03 PM
209,Evie Mcgruddy,d23,Chris,Auchinvole,,West Coast-Tasman,National Party,"$26,846.50","$26,846.50","$26,846.50",No,$0.00,$0.00,$0.00,No,$0.00,$0.00,No,"$20,963.62","$20,963.62",Submitted,10/11/2024 8:54 PM,10/11/2024 8:54 PM,10/11/2024 8:54 PM
208,Evie Mcgruddy,d23,Shane,Ardern,,Taranaki-King Country,National Party,"$13,508.29","$13,508.29","$13,508.29",No,$0.00,$0.00,$0.00,No,$0.00,$0.00,No,"$14,668.29","$14,668.29",Submitted,10/11/2024 8:34 PM,10/11/2024 8:34 PM,10/11/2024 8:34 PM
207,Evie Mcgruddy,d23,Amy,Adams,,Selwyn,National Party,"$33,000.00","$33,000.00","$33,000.00",No,$0.00,$0.00,$0.00,No,$0.00,$0.00,No,"$15,849.59","$15,849.59",Submitted,10/11/2024 8:28 PM,10/11/2024 8:28 PM,10/11/2024 8:28 PM
206,Evie Mcgruddy,d23,Paul,Foster-Bell,,Wellington Central,National Party,"$21,500.00","$21,500.00","$21,500.00",No,$0.00,$0.00,$0.00,No,$0.00,$0.00,No,"$19,692.77","$19,692.77",Submitted,8/11/2024 3:49 AM,8/11/2024 3:49 AM,8/11/2024 3:49 AM
205,Evie Mcgruddy,d23,Peter,Foster,,Ōtaki,Labour Party,"$25,334.99","$25,334.99","$25,334.99",No,$0.00,$0.00,$0.00,No,$0.00,$0.00,No,"$13,166.62","$13,166.62",Submitted,8/11/2024 3:42 AM,8/11/2024 3:42 AM,8/11/2024 3:42 AM
204,Evie Mcgruddy,d23,Tarinana,Turia,,Te Tai Hauāuru,Maori Party,"$9,740.00","$9,740.00","$9,740.00",No,$0.00,$0.00,$0.00,No,$0.00,$0.00,No,"$6,003.10","$6,003.10",Submitted,8/11/2024 3:25 AM,8/11/2024 3:25 AM,8/11/2024 3:25 AM
203,Evie Mcgruddy,d23,Waihoroi,Shortland,,Te Tai Tokerau,Maori Party,$0.00,$0.00,$0.00,No,$0.00,$0.00,$0.00,No,$0.00,$0.00,No,"$14,856.12","$14,856.12",Submitted,8/11/2024 3:19 AM,8/11/2024 3:19 AM,8/11/2024 3:19 AM
202,Evie Mcgruddy,d23,Pita,Sharples,,Tāmaki Makaurau,Maori Party,"$55,000.00","$55,000.00","$55,000.00",No,$0.00,$0.00,$0.00,No,$0.00,$0.00,No,"$16,689.23","$16,689.23",Submitted,8/11/2024 2:00 AM,8/11/2024 2:00 AM,8/11/2024 2:00 AM
201,Evie Mcgruddy,d23,Aroha,Rickus,,Rongotai,Maori Party,$0.00,$0.00,$0.00,No,$0.00,$0.00,$0.00,No,$0.00,$0.00,No,"$3,072.20","$3,072.20",Submitted,8/11/2024 1:40 AM,8/11/2024 1:40 AM,8/11/2024 1:40 AM
200,Evie Mcgruddy,d23,Na,Raihania,,Ikaroa-Rāwhiti,Maori Party,"$8,550.00","$8,550.00","$8,550.00",No,$0.00,$0.00,$0.00,No,$0.00,$0.00,No,"$12,074.65","$12,074.65",Submitted,8/11/2024 1:38 AM,8/11/2024 1:38 AM,8/11/2024 1:38 AM
199,Evie Mcgruddy,d23,Thomas Tuatu Toihau,Phillips,,Hunua,Maori Party,$0.00,$0.00,$0.00,No,$0.00,$0.00,$0.00,No,$0.00,$0.00,No,$0.00,$0.00,Submitted,8/11/2024 1:35 AM,8/11/2024 1:35 AM,8/11/2024 1:35 AM
198,Evie Mcgruddy,d23,Josephine,Peita,,Northland,Maori Party,$0.00,$0.00,$0.00,No,$0.00,$0.00,$0.00,No,$0.00,$0.00,No,$0.00,$0.00,Submitted,8/11/2024 1:33 AM,8/11/2024 1:33 AM,8/11/2024 1:33 AM
197,Evie Mcgruddy,d23,Tau Bruce,Mataki,,Hauraki-Waikato,Maori Party,$0.00,$0.00,$0.00,No,$0.00,$0.00,$0.00,No,$0.00,$0.00,No,"$12,931.60","$12,931.60",Submitted,8/11/2024 1:30 AM,8/11/2024 1:30 AM,8/11/2024 1:30 AM
196,Evie Mcgruddy,d23,Rahui,Katene,,Te Tai Tonga,Maori Party,$0.00,$0.00,$0.00,No,$0.00,$0.00,$0.00,No,$0.00,$0.00,No,"$15,237.52","$15,237.52",Submitted,8/11/2024 1:27 AM,8/11/2024 1:27 AM,8/11/2024 1:27 AM
195,Evie Mcgruddy,d23,Paul Charles,Hufflett,,Nelson,ACT,$0.00,$0.00,$0.00,No,$0.00,$0.00,$0.00,No,$0.00,$0.00,No,$0.00,$0.00,Submitted,8/11/2024 12:20 AM,8/11/2024 12:20 AM,8/11/2024 12:20 AM
194,Evie Mcgruddy,d23,Beth,Houlbrooke,,Rodney,ACT,$0.00,$0.00,$0.00,No,$0.00,$0.00,$0.00,No,$0.00,$0.00,No,$228.19,$228.19,Submitted,8/11/2024 12:19 AM,8/11/2024 12:19 AM,8/11/2024 12:19 AM
193,Evie Mcgruddy,d23,Te Ururoa,Flavell,,Waiariki,Maori Party,"$19,850.00","$19,850.00","$19,850.00",No,$0.00,$0.00,$0.00,No,$0.00,$0.00,No,"$18,307.68","$18,307.68",Submitted,7/11/2024 11:16 PM,7/11/2024 11:16 PM,7/11/2024 11:16 PM
192,Evie Mcgruddy,d23,Te Awanuiarangi,Black,,Tauranga,Maori Party,"$3,650.00","$3,650.00","$3,650.00",No,$0.00,$0.00,$0.00,No,$0.00,$0.00,No,$489.10,$489.10,Submitted,7/11/2024 11:04 PM,7/11/2024 11:04 PM,7/11/2024 11:04 PM
191,Evie Mcgruddy,d23,Barry,Tumai,,Maungakiekie,MANA,$0.00,$0.00,$0.00,No,$0.00,$0.00,$0.00,No,$0.00,$0.00,No,"$1,025.00","$1,025.00",Submitted,7/11/2024 10:29 PM,7/11/2024 10:29 PM,7/11/2024 10:29 PM
190,Evie Mcgruddy,d23,Annette,Sykes,,Waiariki,MANA,"$5,439.30","$5,439.30","$5,439.30",No,"$2,800.00",$0.00,$0.00,No,$0.00,$0.00,No,"$6,529.76","$6,529.76",Submitted,7/11/2024 10:25 PM,7/11/2024 10:25 PM,7/11/2024 10:25 PM
189,Evie Mcgruddy,d23,Sharon,Stevens,,Bay of Plenty,MANA,$750.00,$750.00,$750.00,No,$0.00,$0.00,$0.00,No,$0.00,$0.00,No,$450.00,$450.00,Submitted,7/11/2024 9:26 PM,7/11/2024 9:26 PM,7/11/2024 9:26 PM
188,Evie Mcgruddy,d23,Grant,Rogers,,Rotorua,MANA,$0.00,$0.00,$0.00,No,$0.00,$0.00,$0.00,No,$0.00,$0.00,No,$0.00,$0.00,Submitted,7/11/2024 9:19 PM,7/11/2024 9:19 PM,7/11/2024 9:19 PM
187,Evie Mcgruddy,d23,Keriana,Reedy,,Taupō,MANA,$0.00,$0.00,$0.00,No,$0.00,$0.00,$0.00,No,$0.00,$0.00,No,"$3,394.78","$3,394.78",Submitted,7/11/2024 9:17 PM,7/11/2024 9:17 PM,7/11/2024 9:17 PM
186,Evie Mcgruddy,d23,Pene,Kereama,,Tāmaki Makaurau,MANA,"$10,806.25","$10,806.25","$10,806.25",No,$0.00,$0.00,$0.00,No,$0.00,$0.00,No,"$9,635.10","$9,635.10",Submitted,7/11/2024 9:16 PM,7/11/2024 9:16 PM,7/11/2024 9:16 PM
185,Evie Mcgruddy,d23,Rod,Paul,,Napier,MANA,$0.00,$0.00,$0.00,No,$0.00,$0.00,$0.00,No,$0.00,$0.00,No,$0.00,$0.00,Submitted,7/11/2024 8:56 PM,7/11/2024 8:56 PM,7/11/2024 8:56 PM
184,Evie Mcgruddy,d23,Lauaki James,Papali'i,,Māngere,MANA,$0.00,$0.00,$0.00,No,$0.00,$0.00,$0.00,No,$0.00,$0.00,No,"$2,000.00","$2,000.00",Submitted,7/11/2024 8:54 PM,7/11/2024 8:54 PM,7/11/2024 8:54 PM
183,Evie Mcgruddy,d23,Pat,O'Dea,,Epsom,MANA,$0.00,$0.00,$0.00,No,$0.00,$0.00,$0.00,No,$0.00,$0.00,No,$34.00,$34.00,Submitted,7/11/2024 8:52 PM,7/11/2024 8:52 PM,7/11/2024 8:52 PM
182,Evie Mcgruddy,d23,John,Minto,,Manukau East,MANA,$0.00,$0.00,$0.00,No,$0.00,$0.00,$0.00,No,$0.00,$0.00,No,"$5,343.03","$5,343.03",Submitted,7/11/2024 8:50 PM,7/11/2024 8:50 PM,7/11/2024 8:50 PM
181,Evie Mcgruddy,d23,Tawhai,McClutchie,,Ikaroa-Rāwhiti,MANA,$0.00,$0.00,$0.00,No,$0.00,$0.00,$0.00,No,$0.00,$0.00,No,"$3,500.00","$3,500.00",Submitted,7/11/2024 8:49 PM,7/11/2024 8:49 PM,7/11/2024 8:49 PM
180,Evie Mcgruddy,d23,Val,Irwin,,East Coast,MANA,$0.00,$0.00,$0.00,No,$0.00,$0.00,$0.00,No,$0.00,$0.00,No,$113.20,$113.20,Submitted,7/11/2024 8:47 PM,7/11/2024 8:47 PM,7/11/2024 8:47 PM
179,Evie Mcgruddy,d23,Ngawai,Herewini,,Northland,MANA,$0.00,$0.00,$0.00,No,$0.00,$0.00,$0.00,No,$0.00,$0.00,No,$0.00,$0.00,Submitted,7/11/2024 8:46 PM,7/11/2024 8:46 PM,7/11/2024 8:46 PM
178,Evie Mcgruddy,d23,Hone Pani Tamati Waka Nene,Harawira,,Te Tai Tokerau,MANA,"$22,743.00","$22,743.00","$22,743.00",No,$0.00,$0.00,$0.00,No,$0.00,$0.00,No,"$21,116.89","$21,116.89",Submitted,7/11/2024 7:51 PM,7/11/2024 7:51 PM,7/11/2024 7:51 PM
177,Evie Mcgruddy,d23,Angeline,Greensill,,Hauraki-Waikato,MANA,$0.00,$0.00,$0.00,No,$0.00,$0.00,$0.00,No,$0.00,$0.00,No,"$10,913.32","$10,913.32",Submitted,7/11/2024 7:08 PM,7/11/2024 7:08 PM,7/11/2024 7:08 PM
176,Evie Mcgruddy,d23,Jayson,Gardiner,,Tauranga,MANA,$0.00,$0.00,$0.00,No,$0.00,$0.00,$0.00,No,$0.00,$0.00,No,$0.00,$0.00,Submitted,7/11/2024 7:02 PM,7/11/2024 7:02 PM,7/11/2024 7:02 PM
175,Evie Mcgruddy,d23,Clinton,Dearlove,,Te Tai Tonga,MANA,$0.00,$0.00,$0.00,No,$0.00,$0.00,$0.00,No,$0.00,$0.00,No,"$2,004.45","$2,004.45",Submitted,7/11/2024 7:00 PM,7/11/2024 7:00 PM,7/11/2024 7:00 PM
174,Evie Mcgruddy,d23,Richard Shortland,Cooper,,Manurewa,MANA,$0.00,$0.00,$0.00,No,$0.00,$0.00,$0.00,No,$0.00,$0.00,No,$0.00,$0.00,Submitted,7/11/2024 6:59 PM,7/11/2024 6:59 PM,7/11/2024 6:59 PM
173,Evie Mcgruddy,d23,Peter,Cleave,,Rangitīkei,MANA,$0.00,$0.00,$0.00,No,$0.00,$0.00,$0.00,No,$0.00,$0.00,No,$80.00,$80.00,Submitted,7/11/2024 6:57 PM,7/11/2024 6:57 PM,7/11/2024 6:57 PM
172,Evie Mcgruddy,d23,Shane,Pleasance,,Invercargill,Libertarianz,$0.00,$0.00,$0.00,No,$0.00,$0.00,$0.00,No,$0.00,$0.00,No,$0.00,$0.00,Submitted,6/11/2024 8:53 PM,6/11/2024 8:53 PM,6/11/2024 8:53 PM
171,Evie Mcgruddy,d23,Michael,Murphy,,North Shore,Libertarianz,$0.00,$0.00,$0.00,No,$0.00,$0.00,$0.00,No,$0.00,$0.00,No,"$1,542.60","$1,542.60",Submitted,6/11/2024 8:52 PM,6/11/2024 8:52 PM,6/11/2024 8:52 PM
170,Evie Mcgruddy,d23,Richard,McGrath,,Wairarapa,Libertarianz,$0.00,$0.00,$0.00,No,$0.00,$0.00,$0.00,No,$0.00,$0.00,No,$353.05,$353.05,Submitted,6/11/2024 8:50 PM,6/11/2024 8:50 PM,6/11/2024 8:50 PM
169,Evie Mcgruddy,d23,Peter,Linton,,Northcote,Libertarianz,$0.00,$0.00,$0.00,No,$0.00,$0.00,$0.00,No,$0.00,$0.00,No,$0.00,$0.00,Submitted,6/11/2024 8:48 PM,6/11/2024 8:48 PM,6/11/2024 8:48 PM
168,Evie Mcgruddy,d23,Helen,Hughes,,Whangārei,Libertarianz,$0.00,$0.00,$0.00,No,$0.00,$0.00,$0.00,No,$0.00,$0.00,No,$129.50,$129.50,Submitted,6/11/2024 8:47 PM,6/11/2024 8:47 PM,6/11/2024 8:47 PM
167,Evie Mcgruddy,d23,Ian,Hayes,,Kaikōura,Libertarianz,$0.00,$0.00,$0.00,No,$0.00,$0.00,$0.00,No,$0.00,$0.00,No,$0.00,$0.00,Submitted,6/11/2024 8:46 PM,6/11/2024 8:46 PM,6/11/2024 8:46 PM
166,Evie Mcgruddy,d23,Sean,Fitzpatrick,,Ōhāriu,Libertarianz,$0.00,$0.00,$0.00,No,$0.00,$0.00,$0.00,No,$0.00,$0.00,No,$20.00,$20.00,Submitted,6/11/2024 8:44 PM,6/11/2024 8:44 PM,6/11/2024 8:44 PM
165,Evie Mcgruddy,d23,Regan,Cutting,,Wellington Central,Libertarianz,$0.00,$0.00,$0.00,No,$0.00,$0.00,$0.00,No,$0.00,$0.00,No,$498.41,$498.41,Submitted,6/11/2024 8:42 PM,6/11/2024 8:42 PM,6/11/2024 8:42 PM
164,Evie Mcgruddy,d23,Chao-Fu,Wu,,Botany,Labour Party,$0.00,$0.00,$0.00,No,$0.00,$0.00,$0.00,No,$0.00,$0.00,No,"$4,499.20","$4,499.20",Submitted,6/11/2024 8:37 PM,6/11/2024 8:37 PM,6/11/2024 8:37 PM
163,Evie Mcgruddy,d23,Megan,Woods,,Wigram,Labour Party,"$27,470.65","$27,470.65","$27,470.65",No,$0.00,$0.00,$0.00,No,$0.00,$0.00,No,"$16,109.06","$16,109.06",Submitted,6/11/2024 8:36 PM,6/11/2024 8:36 PM,6/11/2024 8:36 PM
162,Evie Mcgruddy,d23,Louisa,Wall,,Manurewa,Labour Party,$0.00,$0.00,$0.00,No,$0.00,$0.00,$0.00,No,$0.00,$0.00,No,"$11,210.84","$11,210.84",Submitted,6/11/2024 8:25 PM,6/11/2024 8:25 PM,6/11/2024 8:25 PM
161,Evie Mcgruddy,d23,Phil,Twyford,,Te Atatū,Labour Party,$0.00,$0.00,$0.00,No,$0.00,$0.00,$0.00,No,$0.00,$0.00,No,"$23,484.99","$23,484.99",Submitted,6/11/2024 8:22 PM,6/11/2024 8:22 PM,6/11/2024 8:22 PM
160,Evie Mcgruddy,d23,Rino,Tirikatene,,Te Tai Tonga,Labour Party,$0.00,$0.00,$0.00,No,$0.00,$0.00,$0.00,No,$0.00,$0.00,No,"$19,137.55","$19,137.55",Submitted,6/11/2024 8:20 PM,6/11/2024 8:20 PM,6/11/2024 8:20 PM
159,Evie Mcgruddy,d23,Louis,Te Kani,,Waiariki,Labour Party,$0.00,$0.00,$0.00,No,$0.00,$0.00,$0.00,No,$0.00,$0.00,No,"$17,632.92","$17,632.92",Submitted,6/11/2024 8:18 PM,6/11/2024 8:18 PM,6/11/2024 8:18 PM
158,Evie Mcgruddy,d23,Kate,Sutton,,Waikato,Labour Party,$0.00,$0.00,$0.00,No,$0.00,$0.00,$0.00,No,$0.00,$0.00,No,"$1,994.42","$1,994.42",Submitted,6/11/2024 8:17 PM,6/11/2024 8:17 PM,6/11/2024 8:17 PM
157,Evie Mcgruddy,d23,Maryan,Street,,Nelson,Labour Party,"$3,985.27","$3,985.27","$3,985.27",No,$0.00,$0.00,$0.00,No,$0.00,$0.00,No,"$6,056.59","$6,056.59",Submitted,6/11/2024 8:14 PM,6/11/2024 8:14 PM,6/11/2024 8:14 PM
156,Evie Mcgruddy,d23,Lynette,Stewart,,Northland,Labour Party,$0.00,$0.00,$0.00,No,$0.00,$0.00,$0.00,No,$0.00,$0.00,No,"$9,210.60","$9,210.60",Submitted,6/11/2024 8:10 PM,6/11/2024 8:10 PM,6/11/2024 8:10 PM
155,Evie Mcgruddy,d23,Lesley,Soper,,Invercargill,Labour Party,"$9,600.00","$9,600.00","$9,600.00",No,$0.00,$0.00,$0.00,No,$0.00,$0.00,No,"$13,701.54","$13,701.54",Submitted,6/11/2024 7:42 PM,6/11/2024 7:42 PM,6/11/2024 7:42 PM
154,Evie Mcgruddy,d23,Sua William,Sio,,Māngere,Labour Party,"$18,529.00","$18,529.00","$18,529.00",No,$0.00,$0.00,$0.00,No,$0.00,$0.00,No,"$15,923.98","$15,923.98",Submitted,6/11/2024 5:23 AM,6/11/2024 5:23 AM,6/11/2024 5:23 AM
153,Evie Mcgruddy,d23,David,Shearer,,Mt Albert,Labour Party,"$5,000.00","$5,000.00","$5,000.00",No,$0.00,$0.00,$0.00,No,$0.00,$0.00,No,"$14,625.64","$14,625.64",Submitted,6/11/2024 4:37 AM,6/11/2024 4:37 AM,6/11/2024 4:37 AM
152,Evie Mcgruddy,d23,Christine,Rose,,Rodney,Labour Party,$0.00,$0.00,$0.00,No,$0.00,$0.00,$0.00,No,$0.00,$0.00,No,"$1,502.82","$1,502.82",Submitted,6/11/2024 4:31 AM,6/11/2024 4:31 AM,6/11/2024 4:31 AM
151,Evie Mcgruddy,d23,Ross,Robertson,,Manukau East,Labour Party,$0.00,$0.00,$0.00,No,$0.00,$0.00,$0.00,No,$0.00,$0.00,No,"$8,085.80","$8,085.80",Submitted,6/11/2024 4:29 AM,6/11/2024 4:29 AM,6/11/2024 4:29 AM
150,Evie Mcgruddy,d23,Grant,Robertson,,Wellington Central,Labour Party,$0.00,$0.00,$0.00,No,$0.00,$0.00,$0.00,No,$0.00,$0.00,No,"$5,723.11","$5,723.11",Submitted,6/11/2024 4:26 AM,6/11/2024 4:26 AM,6/11/2024 4:26 AM
149,Evie Mcgruddy,d23,Soraya Waiata,Peke-Mason,,Te Tai Hauāuru,Labour Party,$0.00,$0.00,$0.00,No,$0.00,$0.00,$0.00,No,$0.00,$0.00,No,"$4,957.29","$4,957.29",Submitted,6/11/2024 4:25 AM,6/11/2024 4:25 AM,6/11/2024 4:25 AM
148,Evie Mcgruddy,d23,John,Parsons,,Ilam,Labour Party,$0.00,$0.00,$0.00,No,$0.00,$0.00,$0.00,No,$0.00,$0.00,No,"$13,367.89","$13,367.89",Submitted,6/11/2024 4:22 AM,6/11/2024 4:22 AM,6/11/2024 4:22 AM
147,Evie Mcgruddy,d23,David,Parker,,Epsom,Labour Party,"$5,999.00","$5,999.00","$5,999.00",No,$0.00,$0.00,$0.00,No,$0.00,$0.00,No,"$4,466.74","$4,466.74",Submitted,6/11/2024 4:20 AM,6/11/2024 4:20 AM,6/11/2024 4:20 AM
146,Evie Mcgruddy,d23,Josie,Pagani,,Rangitīkei,Labour Party,"$22,000.00","$22,000.00","$22,000.00",No,$0.00,$0.00,$0.00,No,$0.00,$0.00,No,"$9,861.64","$9,861.64",Submitted,6/11/2024 4:08 AM,6/11/2024 4:08 AM,6/11/2024 4:08 AM
145,Evie Mcgruddy,d23,Josie,Pagani,,Rangitīkei,Labour Party,"$22,000.00","$22,000.00",$0.00,No,$0.00,$0.00,$0.00,No,$0.00,$0.00,No,"$9,861.64","$9,861.64",Submitted,6/11/2024 2:24 AM,6/11/2024 2:24 AM,6/11/2024 2:24 AM
144,Evie Mcgruddy,d23,Sehai,Orgad,,Hamilton East,Labour Party,"$5,770.00","$5,770.00","$5,770.00",No,$0.00,$0.00,$0.00,No,$0.00,$0.00,No,"$16,862.96","$16,862.96",Submitted,6/11/2024 2:16 AM,6/11/2024 2:16 AM,6/11/2024 2:16 AM
143,Evie Mcgruddy,d23,Damien,O'Connor,,West Coast-Tasman,Labour Party,"$5,000.00","$5,000.00","$5,000.00",No,$0.00,$0.00,$0.00,No,$0.00,$0.00,No,"$18,805.82","$18,805.82",Submitted,6/11/2024 1:44 AM,6/11/2024 1:44 AM,6/11/2024 1:44 AM
142,Evie Mcgruddy,d23,Patrick,Newman,,Whangārei,Labour Party,$0.00,$0.00,$0.00,No,$0.00,$0.00,$0.00,No,$0.00,$0.00,No,"$10,764.14","$10,764.14",Submitted,5/11/2024 10:57 PM,5/11/2024 10:57 PM,5/11/2024 10:57 PM
141,Evie Mcgruddy,d23,Stuart,Nash,,Napier,Labour Party,"$31,730.95","$31,730.95","$31,730.95",No,$0.00,$0.00,$0.00,No,$0.00,$0.00,No,"$18,058.26","$18,058.26",Submitted,5/11/2024 10:55 PM,5/11/2024 10:55 PM,5/11/2024 10:55 PM
140,Evie Mcgruddy,d23,Sue,Moroney,,Hamilton West,Labour Party,"$7,000.00","$7,000.00","$7,000.00",No,$0.00,$0.00,$0.00,No,$0.00,$0.00,No,"$17,380.42","$17,380.42",Submitted,5/11/2024 10:38 PM,5/11/2024 10:38 PM,5/11/2024 10:38 PM
139,Evie Mcgruddy,d23,Barry,Monks,,Waitaki,Labour Party,"$10,024.74","$10,024.74","$10,024.74",No,$0.00,$0.00,$0.00,No,$0.00,$0.00,No,"$4,339.22","$4,339.22",Submitted,5/11/2024 10:30 PM,5/11/2024 10:30 PM,5/11/2024 10:30 PM
138,Evie Mcgruddy,d23,Jerome,Mika,,Papakura,Labour Party,$0.00,$0.00,$0.00,No,$0.00,$0.00,$0.00,No,$0.00,$0.00,No,"$5,479.86","$5,479.86",Submitted,5/11/2024 10:17 PM,5/11/2024 10:17 PM,5/11/2024 10:17 PM
137,Evie Mcgruddy,d23,Jo,McLean,,Selwyn,Labour Party,"$1,732.00","$1,732.00","$1,732.00",No,$0.00,$0.00,$0.00,No,$0.00,$0.00,No,$867.60,$867.60,Submitted,5/11/2024 10:14 PM,5/11/2024 10:14 PM,5/11/2024 10:14 PM
136,Evie Mcgruddy,d23,Hamish,McDouall,,Whanganui,Labour Party,$0.00,$0.00,$0.00,No,$0.00,$0.00,$0.00,No,$0.00,$0.00,No,"$11,787.36","$11,787.36",Submitted,5/11/2024 10:10 PM,5/11/2024 10:10 PM,5/11/2024 10:10 PM
135,Evie Mcgruddy,d23,Trevor,Mallard,,Hutt South,Labour Party,$0.00,$0.00,$0.00,No,$0.00,$0.00,$0.00,No,$0.00,$0.00,No,"$4,515.20","$4,515.20",Submitted,5/11/2024 10:08 PM,5/11/2024 10:08 PM,5/11/2024 10:08 PM
134,Evie Mcgruddy,d23,Deborah,Mahuta-Coyle,,Tauranga,Labour Party,"$1,000.00","$1,000.00","$1,000.00",No,$0.00,$0.00,$0.00,No,$0.00,$0.00,No,"$2,266.60","$2,266.60",Submitted,5/11/2024 9:38 PM,5/11/2024 9:38 PM,5/11/2024 9:38 PM
133,Evie Mcgruddy,d23,Nanaia,Mahuta,,Hauraki-Waikato,Labour Party,$0.00,$0.00,$0.00,No,$0.00,$0.00,$0.00,No,$0.00,$0.00,No,"$9,369.31","$9,369.31",Submitted,5/11/2024 9:22 PM,5/11/2024 9:22 PM,5/11/2024 9:22 PM
132,Evie Mcgruddy,d23,Moana,Mackey,,East Coast,Labour Party,"$6,400.40","$6,400.40","$6,400.40",No,$0.00,$0.00,$0.00,No,$0.00,$0.00,No,"$13,827.01","$13,827.01",Submitted,5/11/2024 9:19 PM,5/11/2024 9:19 PM,5/11/2024 9:19 PM
131,Evie Mcgruddy,d23,Tat,LOO,,Clutha-Southland,Labour Party,$0.00,$0.00,$0.00,No,$0.00,$0.00,$0.00,No,$0.00,$0.00,No,"$1,412.53","$1,412.53",Submitted,5/11/2024 8:59 PM,5/11/2024 8:59 PM,5/11/2024 8:59 PM
130,Evie Mcgruddy,d23,Andrew,Little,,New Plymouth,Labour Party,"$29,975.00","$27,000.00","$27,000.00",No,$0.00,$0.00,$0.00,No,"$2,975.00","$2,975.00",No,"$20,900.73","$20,900.73",Submitted,5/11/2024 4:07 AM,5/11/2024 4:07 AM,5/11/2024 4:07 AM
129,Evie Mcgruddy,d23,Iain,Lees-Galloway,,Palmerston North,Labour Party,"$23,750.00","$23,750.00","$23,750.00",No,$0.00,$0.00,$0.00,No,$0.00,$0.00,No,"$17,871.34","$17,871.34",Submitted,5/11/2024 3:30 AM,5/11/2024 3:30 AM,5/11/2024 3:30 AM
128,Evie Mcgruddy,d23,Iain,Lees-Galloway,,Palmerston North,Labour Party,"$23,750.00","$23,750.00",$0.00,No,$0.00,$0.00,$0.00,No,$0.00,$0.00,No,"$17,871.34","$17,871.34",Submitted,5/11/2024 3:15 AM,5/11/2024 3:15 AM,5/11/2024 3:15 AM
127,Evie Mcgruddy,d23,Hugh,Kininmonth,,Coromandel,Labour Party,"$4,500.00","$4,500.00","$4,500.00",No,$0.00,$0.00,$0.00,No,$0.00,$0.00,No,"$4,517.17","$4,517.17",Submitted,5/11/2024 3:13 AM,5/11/2024 3:13 AM,5/11/2024 3:13 AM
126,Evie Mcgruddy,d23,Annette,King,,Rongotai,Labour Party,"$31,070.64","$31,070.64","$31,070.64",No,$0.00,$0.00,$0.00,No,$0.00,$0.00,No,"$2,694.01","$2,694.01",Submitted,5/11/2024 1:19 AM,5/11/2024 1:19 AM,5/11/2024 1:19 AM
125,Evie Mcgruddy,d23,Sunny,Kaushal,,Pakuranga,Labour Party,"$2,000.00","$2,000.00","$2,000.00",No,$0.00,$0.00,$0.00,No,$0.00,$0.00,No,"$8,961.66","$8,961.66",Submitted,5/11/2024 12:04 AM,5/11/2024 12:04 AM,5/11/2024 12:04 AM
124,Evie Mcgruddy,d23,Shane,Jones,,Tāmaki Makaurau,Labour Party,"$27,000.00","$27,000.00","$27,300.00",No,$0.00,$0.00,$0.00,No,$0.00,$0.00,No,"$18,746.80","$18,746.80",Submitted,4/11/2024 11:57 PM,4/11/2024 11:57 PM,4/11/2024 11:57 PM
123,Evie Mcgruddy,d23,Parekura,Horomia,,Ikaroa-Rāwhiti,Labour Party,$0.00,$0.00,$0.00,No,$0.00,$0.00,$0.00,No,$0.00,$0.00,No,"$4,773.77","$4,773.77",Submitted,4/11/2024 10:59 PM,4/11/2024 10:59 PM,4/11/2024 10:59 PM
122,Evie Mcgruddy,d23,Chris,Hipkins,,Rimutaka,Labour Party,$0.00,$0.00,$0.00,No,$0.00,$0.00,$0.00,No,$0.00,$0.00,No,"$12,708.31","$12,708.31",Submitted,4/11/2024 10:57 PM,4/11/2024 10:57 PM,4/11/2024 10:57 PM
121,Evie Mcgruddy,d23,Richard,Hills,,Hunua,Labour Party,$0.00,$0.00,$0.00,No,$0.00,$0.00,$0.00,No,$0.00,$0.00,No,"$2,247.51","$2,247.51",Submitted,4/11/2024 10:55 PM,4/11/2024 10:55 PM,4/11/2024 10:55 PM
120,Evie Mcgruddy,d23,Julia,Haydon-Carr,,Tukituki,Labour Party,"$1,659.00","$1,659.00","$1,659.00",No,$0.00,$0.00,$0.00,No,$0.00,$0.00,No,"$6,444.00","$6,444.00",Submitted,4/11/2024 10:51 PM,4/11/2024 10:51 PM,4/11/2024 10:51 PM
119,Evie Mcgruddy,d23,Piers Jeremy,Greenbrook-Held,,Helensville,Labour Party,$0.00,$0.00,$0.00,No,$0.00,$0.00,$0.00,No,$0.00,$0.00,No,"$2,132.69","$2,132.69",Submitted,4/11/2024 10:38 PM,4/11/2024 10:38 PM,4/11/2024 10:38 PM
118,Evie Mcgruddy,d23,Vivienne,Goldsmith,,East Coast Bays,Labour Party,$0.00,$0.00,$0.00,No,$0.00,$0.00,$0.00,No,$0.00,$0.00,No,"$3,530.08","$3,530.08",Submitted,4/11/2024 10:35 PM,4/11/2024 10:35 PM,4/11/2024 10:35 PM
117,Evie Mcgruddy,d23,Phil,Goff,,Mt Roskill,Labour Party,$0.00,$0.00,$0.00,No,$0.00,$0.00,$0.00,No,$0.00,$0.00,No,"$5,113.73","$5,113.73",Submitted,4/11/2024 10:19 PM,4/11/2024 10:19 PM,4/11/2024 10:19 PM
116,Evie Mcgruddy,d23,Paula,Gillon,,Northcote,Labour Party,"$4,173.40","$4,173.40","$1,785.00",No,$0.00,$0.00,$0.00,No,$0.00,$0.00,No,"$6,045.89","$6,045.89",Submitted,4/11/2024 10:17 PM,4/11/2024 10:17 PM,4/11/2024 10:17 PM
115,Evie Mcgruddy,d23,Kris,Faafoi,,Mana,Labour Party,$0.00,$0.00,$0.00,No,$0.00,$0.00,$0.00,No,$0.00,$0.00,No,"$9,897.09","$9,897.09",Submitted,4/11/2024 9:57 PM,4/11/2024 9:57 PM,4/11/2024 9:57 PM
114,Evie Mcgruddy,d23,Ruth,Dyson,,Port Hills,Labour Party,"$10,000.00","$10,000.00","$10,000.00",No,$0.00,$0.00,$0.00,No,$0.00,$0.00,No,"$7,709.42","$7,709.42",Submitted,4/11/2024 9:40 PM,4/11/2024 9:40 PM,4/11/2024 9:40 PM
113,Evie Mcgruddy,d23,Carol,Devoy-Heena,,Bay of Plenty,Labour Party,"$3,194.45","$3,194.45","$3,194.45",No,$0.00,$0.00,$0.00,No,$0.00,$0.00,No,"$3,850.21","$3,850.21",Submitted,4/11/2024 2:20 AM,4/11/2024 2:20 AM,4/11/2024 2:20 AM
112,Evie Mcgruddy,d23,Kelvin,Davis,,Te Tai Tokerau,Labour Party,$0.00,$0.00,$0.00,No,$0.00,$0.00,$0.00,No,$0.00,$0.00,No,"$7,390.71","$7,390.71",Submitted,4/11/2024 2:15 AM,4/11/2024 2:15 AM,4/11/2024 2:15 AM
111,Evie Mcgruddy,d23,Lianne,Dalziel,,Christchurch East,Labour Party,"$13,065.81","$13,065.81","$13,065.81",No,$0.00,$0.00,$0.00,No,$0.00,$0.00,No,"$11,165.45","$11,165.45",Submitted,4/11/2024 2:13 AM,4/11/2024 2:13 AM,4/11/2024 2:13 AM
110,Evie Mcgruddy,d23,Clare,Curran,,Dunedin South,Labour Party,"$15,000.00","$15,000.00","$15,000.00",No,$0.00,$0.00,$0.00,No,$0.00,$0.00,No,"$6,391.53","$6,391.53",Submitted,4/11/2024 2:02 AM,4/11/2024 2:02 AM,4/11/2024 2:02 AM
109,Evie Mcgruddy,d23,David,Cunliffe,,New Lynn,Labour Party,"$14,499.00","$14,499.00","$16,499.00",No,$0.00,$0.00,$0.00,No,$0.00,$0.00,No,"$10,991.48","$10,991.48",Submitted,4/11/2024 1:56 AM,4/11/2024 1:56 AM,4/11/2024 1:56 AM
108,Evie Mcgruddy,d23,Clayton,Cosgrove,,Waimakariri,Labour Party,"$28,217.18","$28,217.18","$28,217.18",No,$0.00,$0.00,$0.00,No,$0.00,$0.00,No,"$23,178.19","$23,178.19",Submitted,1/11/2024 4:39 AM,1/11/2024 4:39 AM,1/11/2024 4:39 AM
107,Evie Mcgruddy,d23,Liz,Collyns,,Kaikōura,Labour Party,$0.00,$0.00,$0.00,No,$0.00,$0.00,$0.00,No,$0.00,$0.00,No,"$7,977.34","$7,977.34",Submitted,1/11/2024 3:34 AM,1/11/2024 3:34 AM,1/11/2024 3:34 AM
106,Evie Mcgruddy,d23,David,Clark,,Dunedin North,Labour Party,$0.00,$0.00,$0.00,No,$0.00,$0.00,$0.00,No,$0.00,$0.00,No,"$7,027.11","$7,027.11",Submitted,1/11/2024 3:31 AM,1/11/2024 3:31 AM,1/11/2024 3:31 AM
105,Evie Mcgruddy,d23,Ben,Clark,,North Shore,Labour Party,$0.00,$0.00,$0.00,No,$0.00,$0.00,$0.00,No,$0.00,$0.00,No,"$2,578.46","$2,578.46",Submitted,1/11/2024 3:27 AM,1/11/2024 3:27 AM,1/11/2024 3:27 AM
104,Evie Mcgruddy,d23,Charles,Chauvel,,Ōhāriu,Labour Party,"$5,000.00","$5,000.00","$5,000.00",No,$0.00,$0.00,$0.00,No,$0.00,$0.00,No,"$15,650.35","$15,650.35",Submitted,1/11/2024 3:05 AM,1/11/2024 3:05 AM,1/11/2024 3:05 AM
103,Evie Mcgruddy,d23,Steve (Stephanie),Chadwick,,Rotorua,Labour Party,"$2,900.00","$2,900.00","$2,900.00",No,$0.00,$0.00,$0.00,No,$0.00,$0.00,No,"$11,512.75","$11,512.75",Submitted,1/11/2024 2:57 AM,1/11/2024 2:57 AM,1/11/2024 2:57 AM
102,Evie Mcgruddy,d23,Frances,Campbell,,Taupō,Labour Party,$0.00,$0.00,$0.00,No,$0.00,$0.00,$0.00,No,$0.00,$0.00,No,"$2,810.01","$2,810.01",Submitted,1/11/2024 2:50 AM,1/11/2024 2:50 AM,1/11/2024 2:50 AM
101,Evie Mcgruddy,d23,Brendon,Burns,,Christchurch Central,Labour Party,$0.00,$0.00,$0.00,No,$0.00,$0.00,$0.00,No,$0.00,$0.00,No,"$19,787.51","$19,787.51",Submitted,1/11/2024 2:47 AM,1/11/2024 2:47 AM,1/11/2024 2:47 AM
100,Evie Mcgruddy,d23,Michael,Bott,,Wairarapa,Labour Party,"$3,446.55","$3,446.55","$3,446.55",No,$0.00,$0.00,$0.00,No,$0.00,$0.00,No,"$9,859.54","$9,859.54",Submitted,1/11/2024 2:45 AM,1/11/2024 2:45 AM,1/11/2024 2:45 AM
99,Evie Mcgruddy,d23,Kimberly,Hannah,,Dunedin South,ACT,$0.00,$0.00,$0.00,No,$0.00,$0.00,$0.00,No,$0.00,$0.00,No,$0.00,$0.00,Submitted,1/11/2024 2:26 AM,1/11/2024 2:26 AM,1/11/2024 2:26 AM
98,Evie Mcgruddy,d23,Robin,Grieve,,Whangārei,ACT,$0.00,$0.00,$0.00,No,$0.00,$0.00,$0.00,No,$0.00,$0.00,No,$0.00,$0.00,Submitted,1/11/2024 2:25 AM,1/11/2024 2:25 AM,1/11/2024 2:25 AM
97,Evie Mcgruddy,d23,Hayden,Fitzgerald,,Rangitīkei,ACT,$0.00,$0.00,$0.00,No,$0.00,$0.00,$0.00,No,$0.00,$0.00,No,$249.93,$249.93,Submitted,1/11/2024 2:21 AM,1/11/2024 2:21 AM,1/11/2024 2:21 AM
96,Evie Mcgruddy,d23,Richard,Evans,,Kaikōura,ACT,$0.00,$0.00,$0.00,No,$0.00,$0.00,$0.00,No,$0.00,$0.00,No,"$2,387.88","$2,387.88",Submitted,1/11/2024 2:14 AM,1/11/2024 2:14 AM,1/11/2024 2:14 AM
95,Evie Mcgruddy,d23,Alan Daniel,Davidson,,Whanganui,ACT,$0.00,$0.00,$0.00,No,$0.00,$0.00,$0.00,No,$0.00,$0.00,No,$0.00,$0.00,Submitted,1/11/2024 2:12 AM,1/11/2024 2:12 AM,1/11/2024 2:12 AM
94,Evie Mcgruddy,d23,Ian,Cummings,,Hunua,ACT,$0.00,$0.00,$0.00,No,$0.00,$0.00,$0.00,No,$0.00,$0.00,No,$0.00,$0.00,Submitted,1/11/2024 2:06 AM,1/11/2024 2:06 AM,1/11/2024 2:06 AM
93,Evie Mcgruddy,d23,Alwyn,Courtenay,,Rimutaka,ACT,$0.00,$0.00,$0.00,No,$0.00,$0.00,$0.00,No,$0.00,$0.00,No,$0.00,$0.00,Submitted,1/11/2024 2:01 AM,1/11/2024 2:01 AM,1/11/2024 2:01 AM
92,Evie Mcgruddy,d23,Dominic,Costello,,Te Atatū,ACT,$0.00,$0.00,$0.00,No,$0.00,$0.00,$0.00,No,$0.00,$0.00,No,$130.30,$130.30,Submitted,1/11/2024 2:00 AM,1/11/2024 2:00 AM,1/11/2024 2:00 AM
91,Evie Mcgruddy,d23,Casey,Costello,,Māngere,ACT,$0.00,$0.00,$0.00,No,$0.00,$0.00,$0.00,No,$0.00,$0.00,No,$0.00,$0.00,Submitted,1/11/2024 1:58 AM,1/11/2024 1:58 AM,1/11/2024 1:58 AM
90,Evie Mcgruddy,d23,Thomas,Corbett,,Clutha-Southland,ACT,$0.00,$0.00,$0.00,No,$0.00,$0.00,$0.00,No,$0.00,$0.00,No,$0.00,$0.00,Submitted,1/11/2024 1:58 AM,1/11/2024 1:58 AM,1/11/2024 1:58 AM
89,Evie Mcgruddy,d23,Ian,Carline,,Invercargill,ACT,$0.00,$0.00,$0.00,No,$0.00,$0.00,$0.00,No,$0.00,$0.00,No,"$5,922.50","$5,922.50",Submitted,1/11/2024 1:57 AM,1/11/2024 1:57 AM,1/11/2024 1:57 AM
88,Evie Mcgruddy,d23,Robert,Burnside,,Tukituki,ACT,$0.00,$0.00,$0.00,No,$0.00,$0.00,$0.00,No,$0.00,$0.00,No,$0.00,$0.00,Submitted,1/11/2024 1:44 AM,1/11/2024 1:44 AM,1/11/2024 1:44 AM
87,Evie Mcgruddy,d23,Julian,Blanchard,,Rangitata,Labour Party,$0.00,$0.00,$0.00,No,$0.00,$0.00,$0.00,No,$0.00,$0.00,No,"$12,552.62","$12,552.62",Submitted,1/11/2024 1:37 AM,1/11/2024 1:37 AM,1/11/2024 1:37 AM
86,Evie Mcgruddy,d23,Carol,Beaumont,,Maungakiekie,Labour Party,$0.00,$0.00,$0.00,No,$0.00,$0.00,$0.00,No,$0.00,$0.00,No,"$10,301.16","$10,301.16",Submitted,1/11/2024 1:35 AM,1/11/2024 1:35 AM,1/11/2024 1:35 AM
85,Evie Mcgruddy,d23,Barry,Brill,,Northland,ACT,$0.00,$0.00,$0.00,No,$0.00,$0.00,$0.00,No,$0.00,$0.00,No,$0.00,$0.00,Submitted,1/11/2024 1:34 AM,1/11/2024 1:34 AM,1/11/2024 1:34 AM
84,Evie Mcgruddy,d23,Rick,Barker,,Taranaki-King Country,Labour Party,"$2,000.00","$2,000.00","$2,000.00",No,$0.00,$0.00,$0.00,No,$0.00,$0.00,No,"$1,659.81","$1,659.81",Submitted,1/11/2024 1:32 AM,1/11/2024 1:32 AM,1/11/2024 1:32 AM
83,Evie Mcgruddy,d23,Nick,Bakulich,,Tāmaki,Labour Party,$0.00,$0.00,$0.00,No,$0.00,$0.00,$0.00,No,$0.00,$0.00,No,"$1,859.67","$1,859.67",Submitted,1/11/2024 1:10 AM,1/11/2024 1:10 AM,1/11/2024 1:10 AM
82,Evie Mcgruddy,d23,Jacinda,Ardern,,Auckland Central,Labour Party,"$28,875.00","$28,875.00","$28,875.00",No,$0.00,$0.00,$0.00,No,$0.00,$0.00,No,"$11,365.62","$11,365.62",Submitted,1/11/2024 12:11 AM,1/11/2024 12:11 AM,1/11/2024 12:11 AM
81,Evie Mcgruddy,d23,Wayne,Young,,Tāmaki,Independent,$0.00,$0.00,$0.00,No,$0.00,$0.00,$0.00,No,$0.00,$0.00,No,$0.00,$0.00,Submitted,31/10/2024 10:50 PM,31/10/2024 10:50 PM,31/10/2024 10:50 PM
80,Evie Mcgruddy,d23,Tim,Wikiriwhi,,Hamilton West,Independent,$0.00,$0.00,$0.00,No,$0.00,$0.00,$0.00,No,$0.00,$0.00,No,$0.00,$0.00,Submitted,31/10/2024 10:46 PM,31/10/2024 10:46 PM,31/10/2024 10:46 PM
79,Evie Mcgruddy,d23,Maurice,Wairau,,Ikaroa-Rāwhiti,Independent,$0.00,$0.00,$0.00,No,$0.00,$0.00,$0.00,No,$0.00,$0.00,No,$0.00,$0.00,Submitted,31/10/2024 10:45 PM,31/10/2024 10:45 PM,31/10/2024 10:45 PM
78,Evie Mcgruddy,d23,Mapuna,Turner,,Coromandel,Independent,$0.00,$0.00,$0.00,No,$0.00,$0.00,$0.00,No,$0.00,$0.00,No,$160.00,$160.00,Submitted,31/10/2024 10:42 PM,31/10/2024 10:42 PM,31/10/2024 10:42 PM
77,Evie Mcgruddy,d23,Charles,Turner,,Rangitīkei,Independent,$0.00,$0.00,$0.00,No,$0.00,$0.00,$0.00,No,$0.00,$0.00,No,"$2,170.41","$2,170.41",Submitted,31/10/2024 10:40 PM,31/10/2024 10:40 PM,31/10/2024 10:40 PM
76,Evie Mcgruddy,d23,Philip Dean,Taueki,,Ōtaki,Independent,$0.00,$0.00,$0.00,No,$0.00,$0.00,$0.00,No,$0.00,$0.00,No,$0.00,$0.00,Submitted,31/10/2024 10:38 PM,31/10/2024 10:38 PM,31/10/2024 10:38 PM
75,Evie Mcgruddy,d23,Grant,Seton,,Rangitīkei,Independent,$0.00,$0.00,$0.00,No,$0.00,$0.00,$0.00,No,$0.00,$0.00,No,$57.50,$57.50,Submitted,31/10/2024 10:37 PM,31/10/2024 10:37 PM,31/10/2024 10:37 PM
74,Evie Mcgruddy,d23,Don,Richards,,Rongotai,Independent,"$1,600.00","$1,600.00","$1,600.00",No,$0.00,$0.00,$0.00,No,$0.00,$0.00,No,"$2,437.00","$2,437.00",Submitted,31/10/2024 10:35 PM,31/10/2024 10:35 PM,31/10/2024 10:35 PM
73,Evie Mcgruddy,d23,Yvette,Lamare,,Tauranga,Independent,$0.00,$0.00,$0.00,No,$0.00,$0.00,$0.00,No,$0.00,$0.00,No,$562.00,$562.00,Submitted,31/10/2024 10:30 PM,31/10/2024 10:30 PM,31/10/2024 10:30 PM
72,Evie Mcgruddy,d23,Puhi,Karena,,Wellington Central,Independent,$0.00,$0.00,$0.00,No,$0.00,$0.00,$0.00,No,$0.00,$0.00,No,$0.00,$0.00,Submitted,31/10/2024 10:28 PM,31/10/2024 10:28 PM,31/10/2024 10:28 PM
71,Evie Mcgruddy,d23,Rusty,Kane,,New Plymouth,Independent,$0.00,$0.00,$0.00,No,$0.00,$0.00,$0.00,No,$0.00,$0.00,No,$0.00,$0.00,Submitted,31/10/2024 10:24 PM,31/10/2024 10:24 PM,31/10/2024 10:24 PM
70,Evie Mcgruddy,d23,Matthew,Goode,,Epsom,Independent,$0.00,$0.00,$0.00,No,$0.00,$0.00,$0.00,No,$0.00,$0.00,No,$430.00,$430.00,Submitted,31/10/2024 10:22 PM,31/10/2024 10:22 PM,31/10/2024 10:22 PM
69,Evie Mcgruddy,d23,David,Ford,,Waitaki,Independent,$0.00,$0.00,$0.00,No,$0.00,$0.00,$0.00,No,$0.00,$0.00,No,"$6,850.00","$6,850.00",Submitted,31/10/2024 10:20 PM,31/10/2024 10:20 PM,31/10/2024 10:20 PM
68,Evie Mcgruddy,d23,Robert,Curtis,,Hamilton West,Independent,$0.00,$0.00,$0.00,No,$0.00,$0.00,$0.00,No,$0.00,$0.00,No,$585.00,$585.00,Submitted,31/10/2024 10:18 PM,31/10/2024 10:18 PM,31/10/2024 10:18 PM
67,Evie Mcgruddy,d23,Luke,Chandler,,Christchurch Central,Independent,$0.00,$0.00,$0.00,No,$0.00,$0.00,$0.00,No,$0.00,$0.00,No,$0.00,$0.00,Submitted,31/10/2024 10:16 PM,31/10/2024 10:16 PM,31/10/2024 10:16 PM
66,Evie Mcgruddy,d23,Penny,Bright,,Epsom,Independent,$0.00,$0.00,$0.00,No,$0.00,$0.00,$0.00,No,$0.00,$0.00,No,$443.00,$443.00,Submitted,31/10/2024 10:15 PM,31/10/2024 10:15 PM,31/10/2024 10:15 PM
65,Evie Mcgruddy,d23,Stephen,Berry,,Tāmaki,Independent,$0.00,$0.00,$0.00,No,$0.00,$0.00,$0.00,No,$0.00,$0.00,No,"$2,851.33","$2,851.33",Submitted,31/10/2024 10:09 PM,31/10/2024 10:09 PM,31/10/2024 10:09 PM
64,Evie Mcgruddy,d23,Tane,Woodley,,Rimutaka,Greens,$0.00,$0.00,$0.00,No,$0.00,$0.00,$0.00,No,$0.00,$0.00,No,$323.75,$323.75,Submitted,31/10/2024 10:01 PM,31/10/2024 10:01 PM,31/10/2024 10:01 PM
63,Evie Mcgruddy,d23,Richard,Wesley,,Wigram,Greens,$0.00,$0.00,$0.00,No,$0.00,$0.00,$0.00,No,$0.00,$0.00,No,$85.00,$85.00,Submitted,31/10/2024 9:59 PM,31/10/2024 9:59 PM,31/10/2024 9:59 PM
62,Evie Mcgruddy,d23,Charmaine,Watts,,Hunua,Greens,$0.00,$0.00,$0.00,No,$0.00,$0.00,$0.00,No,$0.00,$0.00,No,"$1,171.16","$1,171.16",Submitted,31/10/2024 9:58 PM,31/10/2024 9:58 PM,31/10/2024 9:58 PM
61,Evie Mcgruddy,d23,Pieter,Watson,,North Shore,Greens,$0.00,$0.00,$0.00,No,$0.00,$0.00,$0.00,No,$0.00,$0.00,No,$0.00,$0.00,Submitted,31/10/2024 9:55 PM,31/10/2024 9:55 PM,31/10/2024 9:55 PM
60,Evie Mcgruddy,d23,Holly,Walker,,Dunedin South,Greens,$0.00,$0.00,$0.00,No,$0.00,$0.00,$0.00,No,$0.00,$0.00,No,"$1,067.47","$1,067.47",Submitted,31/10/2024 9:54 PM,31/10/2024 9:54 PM,31/10/2024 9:54 PM
59,Evie Mcgruddy,d23,Metiria,Turei,,Dunedin North,Greens,$0.00,$0.00,$0.00,No,$0.00,$0.00,$0.00,No,$0.00,$0.00,No,$190.11,$190.11,Submitted,31/10/2024 9:52 PM,31/10/2024 9:52 PM,31/10/2024 9:52 PM
58,Evie Mcgruddy,d23,Corrina,Tucker,,Palmerston North,Greens,$0.00,$0.00,$0.00,No,$0.00,$0.00,$0.00,No,$0.00,$0.00,No,$85.00,$85.00,Submitted,31/10/2024 9:51 PM,31/10/2024 9:51 PM,31/10/2024 9:51 PM
57,Evie Mcgruddy,d23,Saffron,Toms,,New Lynn,Greens,$0.00,$0.00,$0.00,No,$0.00,$0.00,$0.00,No,$0.00,$0.00,No,$85.00,$85.00,Submitted,31/10/2024 9:48 PM,31/10/2024 9:48 PM,31/10/2024 9:48 PM
56,Evie Mcgruddy,d23,Don,Brash,,North Shore,ACT,$0.00,$0.00,$0.00,No,$0.00,$0.00,$0.00,No,$0.00,$0.00,No,$0.00,$0.00,Submitted,31/10/2024 9:28 PM,31/10/2024 9:28 PM,31/10/2024 9:28 PM
55,Evie Mcgruddy,d23,Vernon,TAVA,,Northcote,Greens,$0.00,$0.00,$0.00,No,$0.00,$0.00,$0.00,No,$0.00,$0.00,No,$973.68,$973.68,Submitted,31/10/2024 9:20 PM,31/10/2024 9:20 PM,31/10/2024 9:20 PM
54,Evie Mcgruddy,d23,Gary,Stewart,,Te Atatū,Greens,$0.00,$0.00,$0.00,No,$0.00,$0.00,$0.00,No,$0.00,$0.00,No,$0.00,$0.00,Submitted,31/10/2024 9:17 PM,31/10/2024 9:17 PM,31/10/2024 9:17 PM
53,Evie Mcgruddy,d23,Geoff,Steedman,,New Plymouth,Greens,$0.00,$0.00,$0.00,No,$0.00,$0.00,$0.00,No,$0.00,$0.00,No,$55.00,$55.00,Submitted,31/10/2024 9:14 PM,31/10/2024 9:14 PM,31/10/2024 9:14 PM
52,Evie Mcgruddy,d23,Stephen,Boyle,,Mt Albert,ACT,$0.00,$0.00,$0.00,No,$0.00,$0.00,$0.00,No,$0.00,$0.00,No,$732.66,$732.66,Submitted,31/10/2024 9:13 PM,31/10/2024 9:13 PM,31/10/2024 9:13 PM
51,Evie Mcgruddy,d23,John,Boscawen,,Tāmaki,ACT,$0.00,$0.00,$0.00,No,$0.00,$0.00,$0.00,No,$0.00,$0.00,No,$0.00,$0.00,Submitted,31/10/2024 9:12 PM,31/10/2024 9:12 PM,31/10/2024 9:12 PM
50,Evie Mcgruddy,d23,Brett,Stansfield,,East Coast Bays,Greens,$0.00,$0.00,$0.00,No,$0.00,$0.00,$0.00,No,$0.00,$0.00,No,$45.00,$45.00,Submitted,31/10/2024 9:11 PM,31/10/2024 9:11 PM,31/10/2024 9:11 PM
49,Evie Mcgruddy,d23,James,Shaw,,Wellington Central,Greens,$0.00,$0.00,$0.00,No,$0.00,$0.00,$0.00,No,$0.00,$0.00,No,"$7,773.92","$7,773.92",Submitted,31/10/2024 9:08 PM,31/10/2024 9:08 PM,31/10/2024 9:08 PM
48,Evie Mcgruddy,d23,Eugenie,Sage,,Selwyn,Greens,$0.00,$0.00,$0.00,No,$0.00,$0.00,$0.00,No,$0.00,$0.00,No,$180.00,$180.00,Submitted,31/10/2024 9:04 PM,31/10/2024 9:04 PM,31/10/2024 9:04 PM
47,Evie Mcgruddy,d23,Sea,Rotmann,,Wairarapa,Greens,$0.00,$0.00,$0.00,No,$0.00,$0.00,$0.00,No,$0.00,$0.00,No,$699.05,$699.05,Submitted,31/10/2024 9:02 PM,31/10/2024 9:02 PM,31/10/2024 9:02 PM
46,Evie Mcgruddy,d23,Todd,Ross,,Māngere,Greens,$0.00,$0.00,$0.00,No,$0.00,$0.00,$0.00,No,$0.00,$0.00,No,$0.00,$0.00,Submitted,31/10/2024 8:58 PM,31/10/2024 8:58 PM,31/10/2024 8:58 PM
45,Evie Mcgruddy,d23,Denise,Roche,,Auckland Central,Greens,$0.00,$0.00,$0.00,No,$0.00,$0.00,$0.00,No,$0.00,$0.00,No,"$1,180.86","$1,180.86",Submitted,31/10/2024 8:55 PM,31/10/2024 8:55 PM,31/10/2024 8:55 PM
44,Evie Mcgruddy,d23,Russel,Norman,,Rongotai,Greens,$0.00,$0.00,$0.00,No,$0.00,$0.00,$0.00,No,$0.00,$0.00,No,$702.57,$702.57,Submitted,31/10/2024 8:52 PM,31/10/2024 8:52 PM,31/10/2024 8:52 PM
43,Evie Mcgruddy,d23,Robin,Boom,,Waikato,ACT,$0.00,$0.00,$0.00,No,$0.00,$0.00,$0.00,No,$0.00,$0.00,No,$0.00,$0.00,Submitted,31/10/2024 4:51 AM,31/10/2024 4:51 AM,31/10/2024 4:51 AM
42,Evie Mcgruddy,d23,Allan,Birchfield,,West Coast-Tasman,ACT,$0.00,$0.00,$0.00,No,$0.00,$0.00,$0.00,No,$0.00,$0.00,No,$0.00,$0.00,Submitted,31/10/2024 4:15 AM,31/10/2024 4:15 AM,31/10/2024 4:15 AM
41,Evie Mcgruddy,d23,John,Banks,,Epsom,ACT,"$30,500.00","$30,500.00","$30,500.00",No,$0.00,$0.00,$0.00,No,$0.00,$0.00,No,"$22,627.41","$22,627.41",Submitted,31/10/2024 4:13 AM,31/10/2024 4:13 AM,31/10/2024 4:13 AM
40,Evie Mcgruddy,d23,David,Moorhouse,,Christchurch Central,Greens,$0.00,$0.00,$0.00,No,$0.00,$0.00,$0.00,No,$0.00,$0.00,No,$320.42,$320.42,Submitted,31/10/2024 4:13 AM,31/10/2024 4:13 AM,31/10/2024 4:13 AM
39,Evie Mcgruddy,d23,Teresa,Moore,,Rodney,Greens,$0.00,$0.00,$0.00,No,$0.00,$0.00,$0.00,No,$0.00,$0.00,No,$384.67,$384.67,Submitted,31/10/2024 4:10 AM,31/10/2024 4:10 AM,31/10/2024 4:10 AM
38,Evie Mcgruddy,d23,Robert,Moore,,Taranaki-King Country,Greens,$0.00,$0.00,$0.00,No,$0.00,$0.00,$0.00,No,$0.00,$0.00,No,$85.00,$85.00,Submitted,31/10/2024 4:06 AM,31/10/2024 4:06 AM,31/10/2024 4:06 AM
37,Evie Mcgruddy,d23,Darryl,Monteith,,East Coast,Greens,$0.00,$0.00,$0.00,No,$0.00,$0.00,$0.00,No,$0.00,$0.00,No,$321.52,$321.52,Submitted,31/10/2024 4:04 AM,31/10/2024 4:04 AM,31/10/2024 4:04 AM
36,Evie Mcgruddy,d23,John,Milnes,,Whanganui,Greens,$0.00,$0.00,$0.00,No,$0.00,$0.00,$0.00,No,$0.00,$0.00,No,$233.27,$233.27,Submitted,31/10/2024 4:03 AM,31/10/2024 4:03 AM,31/10/2024 4:03 AM
35,Evie Mcgruddy,d23,Ian,McLean,,Tauranga,Greens,$0.00,$0.00,$0.00,No,$0.00,$0.00,$0.00,No,$0.00,$0.00,No,$419.28,$419.28,Submitted,31/10/2024 4:01 AM,31/10/2024 4:01 AM,31/10/2024 4:01 AM
34,Evie Mcgruddy,d23,Jack Tautokai,McDonald,,Te Tai Hauāuru,Greens,$0.00,$0.00,$0.00,No,$0.00,$0.00,$0.00,No,$0.00,$0.00,No,$169.82,$169.82,Submitted,31/10/2024 3:59 AM,31/10/2024 3:59 AM,31/10/2024 3:59 AM
33,Evie Mcgruddy,d23,Zane,McCarthy,,Taupō,Greens,$0.00,$0.00,$0.00,No,$0.00,$0.00,$0.00,No,$0.00,$0.00,No,$127.00,$127.00,Submitted,31/10/2024 3:56 AM,31/10/2024 3:56 AM,31/10/2024 3:56 AM
32,Evie Mcgruddy,d23,Mojo,Mathers,,Christchurch East,Greens,$0.00,$0.00,$0.00,No,$0.00,$0.00,$0.00,No,$0.00,$0.00,No,$131.55,$131.55,Submitted,31/10/2024 3:51 AM,31/10/2024 3:51 AM,31/10/2024 3:51 AM
31,Evie Mcgruddy,d23,Nick,Marryatt,,Hamilton East,Greens,$0.00,$0.00,$0.00,No,$0.00,$0.00,$0.00,No,$0.00,$0.00,No,$175.00,$175.00,Submitted,31/10/2024 3:48 AM,31/10/2024 3:48 AM,31/10/2024 3:48 AM
30,Evie Mcgruddy,d23,Jan,Logie,,Mana,Greens,$190.00,$190.00,$0.00,No,$0.00,$0.00,$0.00,No,$0.00,$0.00,No,"$1,962.21","$1,962.21",Submitted,31/10/2024 3:42 AM,31/10/2024 3:42 AM,31/10/2024 3:42 AM
29,Evie Mcgruddy,d23,Gerrie,Ligtenberg,,Rangitata,Greens,$0.00,$0.00,$0.00,No,$0.00,$0.00,$0.00,No,$0.00,$0.00,No,$49.00,$49.00,Submitted,31/10/2024 3:40 AM,31/10/2024 3:40 AM,31/10/2024 3:40 AM
28,Evie Mcgruddy,d23,Richard,Leckinger,,Tāmaki,Greens,$0.00,$0.00,$0.00,No,$0.00,$0.00,$0.00,No,$0.00,$0.00,No,$889.43,$889.43,Submitted,31/10/2024 3:34 AM,31/10/2024 3:34 AM,31/10/2024 3:34 AM
27,Evie Mcgruddy,d23,Dora Roimata,Langsbury,,Te Tai Tonga,Greens,$0.00,$0.00,$0.00,No,$0.00,$0.00,$0.00,No,$0.00,$0.00,No,"$8,745.15","$8,745.15",Submitted,31/10/2024 3:33 AM,31/10/2024 3:33 AM,31/10/2024 3:33 AM
26,Evie Mcgruddy,d23,Thomas,Land,,Maungakiekie,Greens,$0.00,$0.00,$0.00,No,$0.00,$0.00,$0.00,No,$0.00,$0.00,No,$838.00,$838.00,Submitted,31/10/2024 3:30 AM,31/10/2024 3:30 AM,31/10/2024 3:30 AM
25,Evie Mcgruddy,d23,David,Kennedy,,Invercargill,Greens,$0.00,$0.00,$0.00,No,$0.00,$0.00,$0.00,No,$0.00,$0.00,No,$686.15,$686.15,Submitted,31/10/2024 3:26 AM,31/10/2024 3:26 AM,31/10/2024 3:26 AM
24,Evie Mcgruddy,d23,John,Kelcher,,Waimakariri,Greens,$0.00,$0.00,$0.00,No,$0.00,$0.00,$0.00,No,$0.00,$0.00,No,$129.05,$129.05,Submitted,31/10/2024 3:23 AM,31/10/2024 3:23 AM,31/10/2024 3:23 AM
23,Evie Mcgruddy,d23,Gareth,Hughes,,Ōhāriu,Greens,$0.00,$0.00,$0.00,No,$0.00,$0.00,$0.00,No,$0.00,$0.00,No,$686.35,$686.35,Submitted,31/10/2024 3:15 AM,31/10/2024 3:15 AM,31/10/2024 3:15 AM
22,Evie Mcgruddy,d23,David,Hay,,Epsom,Greens,$0.00,$0.00,$0.00,No,$0.00,$0.00,$0.00,No,$0.00,$0.00,No,"$1,112.46","$1,112.46",Submitted,31/10/2024 3:13 AM,31/10/2024 3:13 AM,31/10/2024 3:13 AM
21,Evie Mcgruddy,d23,Cameron,Harper,,Waikato,Greens,$0.00,$0.00,$0.00,No,$0.00,$0.00,$0.00,No,$0.00,$0.00,No,$85.00,$85.00,Submitted,31/10/2024 3:11 AM,31/10/2024 3:11 AM,31/10/2024 3:11 AM
20,Evie Mcgruddy,d23,Kevin,Hague,,West Coast-Tasman,Greens,$0.00,$0.00,$0.00,No,$0.00,$0.00,$0.00,No,$0.00,$0.00,No,$0.00,$0.00,Submitted,31/10/2024 3:08 AM,31/10/2024 3:08 AM,31/10/2024 3:08 AM
19,Evie Mcgruddy,d23,Kennedy,Graham,,Ilam,Greens,$0.00,$0.00,$0.00,No,$0.00,$0.00,$0.00,No,$0.00,$0.00,No,"$1,381.00","$1,381.00",Submitted,31/10/2024 3:02 AM,31/10/2024 3:02 AM,31/10/2024 3:02 AM
18,Evie Mcgruddy,d23,Rachael,Goldsmith,,Clutha-Southland,Greens,$0.00,$0.00,$0.00,No,$0.00,$0.00,$0.00,No,$0.00,$0.00,No,$686.15,$686.15,Submitted,31/10/2024 1:37 AM,31/10/2024 1:37 AM,31/10/2024 1:37 AM
17,Evie Mcgruddy,d23,Michael,Gilchrist,,Ōtaki,Greens,$0.00,$0.00,$0.00,No,$0.00,$0.00,$0.00,No,$0.00,$0.00,No,$227.50,$227.50,Submitted,31/10/2024 1:35 AM,31/10/2024 1:35 AM,31/10/2024 1:35 AM
16,Evie Mcgruddy,d23,Julie Anne,Genter,,Mt Roskill,Greens,$0.00,$0.00,$0.00,No,$0.00,$0.00,$0.00,No,$0.00,$0.00,No,"$1,129.98","$1,129.98",Submitted,31/10/2024 1:33 AM,31/10/2024 1:33 AM,31/10/2024 1:33 AM
15,Evie Mcgruddy,d23,Shane,Gallagher,,Dunedin South,Greens,$0.00,$0.00,$0.00,No,$0.00,$0.00,$0.00,No,$0.00,$0.00,No,$239.11,$239.11,Submitted,31/10/2024 1:31 AM,31/10/2024 1:31 AM,31/10/2024 1:31 AM
14,Evie Mcgruddy,d23,Pauline,Evans,,Northland,Greens,$0.00,$0.00,$0.00,No,$0.00,$0.00,$0.00,No,$0.00,$0.00,No,$685.39,$685.39,Submitted,31/10/2024 1:25 AM,31/10/2024 1:25 AM,31/10/2024 1:25 AM
13,Evie Mcgruddy,d23,Jeanette,Elley,,Helensville,Greens,$0.00,$0.00,$0.00,No,$0.00,$0.00,$0.00,No,$0.00,$0.00,No,$647.60,$647.60,Submitted,31/10/2024 1:23 AM,31/10/2024 1:23 AM,31/10/2024 1:23 AM
12,Evie Mcgruddy,d23,Catherine,Delahunty,,Coromandel,Greens,$0.00,$0.00,$0.00,No,$0.00,$0.00,$0.00,No,$0.00,$0.00,No,$552.00,$552.00,Submitted,31/10/2024 1:21 AM,31/10/2024 1:21 AM,31/10/2024 1:21 AM
11,Evie Mcgruddy,d23,Mikaere,Curtis,,Tāmaki Makaurau,Greens,$0.00,$0.00,$0.00,No,$0.00,$0.00,$0.00,No,$0.00,$0.00,No,$0.00,$0.00,Submitted,31/10/2024 1:19 AM,31/10/2024 1:19 AM,31/10/2024 1:19 AM
10,Evie Mcgruddy,d23,Sue,Coutts,,Waitaki,Greens,$0.00,$0.00,$0.00,No,$0.00,$0.00,$0.00,No,$0.00,$0.00,No,$572.14,$572.14,Submitted,31/10/2024 1:17 AM,31/10/2024 1:17 AM,31/10/2024 1:17 AM
9,Evie Mcgruddy,d23,Caroline,Conroy,,Papakura,Greens,$0.00,$0.00,$0.00,No,$0.00,$0.00,$0.00,No,$0.00,$0.00,No,$0.00,$0.00,Submitted,31/10/2024 1:15 AM,31/10/2024 1:15 AM,31/10/2024 1:15 AM
8,Evie Mcgruddy,d23,David,Clendon,,Mt Albert,Greens,$0.00,$0.00,$0.00,No,$0.00,$0.00,$0.00,No,$0.00,$0.00,No,$823.68,$823.68,Submitted,31/10/2024 1:13 AM,31/10/2024 1:13 AM,31/10/2024 1:13 AM
7,Evie Mcgruddy,d23,Joseph,Burston,,Port Hills,Greens,$0.00,$0.00,$0.00,No,$0.00,$0.00,$0.00,No,$0.00,$0.00,No,$83.50,$83.50,Submitted,31/10/2024 1:11 AM,31/10/2024 1:11 AM,31/10/2024 1:11 AM
6,Evie Mcgruddy,d23,Steffan,Browning,,Kaikōura,Greens,$0.00,$0.00,$0.00,No,$0.00,$0.00,$0.00,No,$0.00,$0.00,No,$491.61,$491.61,Submitted,31/10/2024 1:09 AM,31/10/2024 1:09 AM,31/10/2024 1:09 AM
5,Evie Mcgruddy,d23,Maree,Brannigan,,Rangitīkei,Greens,$0.00,$0.00,$0.00,No,$0.00,$0.00,$0.00,No,$0.00,$0.00,No,$197.14,$197.14,Submitted,31/10/2024 1:07 AM,31/10/2024 1:07 AM,31/10/2024 1:07 AM
4,Evie Mcgruddy,d23,Rick,Bazeley,,Whangārei,Greens,$0.00,$0.00,$0.00,No,$0.00,$0.00,$0.00,No,$0.00,$0.00,No,$49.00,$49.00,Submitted,31/10/2024 1:05 AM,31/10/2024 1:05 AM,31/10/2024 1:05 AM
3,Evie Mcgruddy,d23,Aaryn,Barlow,,Nelson,Greens,$0.00,$0.00,$0.00,No,$0.00,$0.00,$0.00,No,$0.00,$0.00,No,$131.55,$131.55,Submitted,31/10/2024 1:02 AM,31/10/2024 1:02 AM,31/10/2024 1:02 AM
2,Evie Mcgruddy,d23,Paul Edward,Bailey,,Napier,Greens,$0.00,$0.00,$0.00,No,$0.00,$0.00,$0.00,No,$0.00,$0.00,No,$85.00,$85.00,Submitted,31/10/2024 12:58 AM,31/10/2024 12:58 AM,31/10/2024 12:58 AM
1,Evie Mcgruddy,d23,Shane,Atkinson,,Wairarapa,ACT,$0.00,$0.00,$0.00,No,$0.00,$0.00,$0.00,No,$0.00,$0.00,No,$249.93,$249.93,Submitted,30/10/2024 3:37 AM,30/10/2024 3:37 AM,30/10/2024 3:37 AM
